"Year","Month","Temperature"
1990,1,3.96699270694485
1990,2,1.18439197595617
1990,3,2.03643932223055
1990,4,0.951713312101494
1990,5,-0.709010604115691
1990,6,0.863410830078737
1990,7,-0.0314553670234895
1990,8,0.395139937648779
1990,9,1.28442418384064
1990,10,-0.135484035773967
1990,11,1.51872491744948
1990,12,-1.01369345068548
1991,1,-0.296071283991388
1991,2,3.25527133943359
1991,3,1.36384111548533
1991,4,0.996100005166935
1991,5,1.15795757256345
1991,6,0.50093769177588
1991,7,0.22860228300478
1991,8,0.804187299047885
1991,9,0.037642470668276
1991,10,0.119769584416391
1991,11,-1.04405310797656
1991,12,1.21532371462371
1992,1,2.26480207320426
1992,2,2.77592050665985
1992,3,1.63277571890431
1992,4,0.626021058215703
1992,5,0.751564440143449
1992,6,-0.532723767213981
1992,7,-1.50196825297295
1992,8,-1.02767299104941
1992,9,0.0324135344070477
1992,10,-0.108598595498051
1992,11,-0.916924511199562
1992,12,-0.553923528079727
1993,1,0.427806880747465
1993,2,-1.86863099686267
1993,3,0.567624918058955
1993,4,-0.307414611006151
1993,5,0.590867448424059
1993,6,-0.618898996665851
1993,7,-0.713111824634154
1993,8,0.147189319341345
1993,9,-0.823037066786876
1993,10,-0.908906250341151
1993,11,-1.42721235024823
1993,12,0.74998093334555
1994,1,-1.07431569651656
1994,2,-1.59337619610089
1994,3,1.98511388823561
1994,4,0.795432474196862
1994,5,0.289919284218787
1994,6,1.33411087201537
1994,7,0.185434593394329
1994,8,0.0760139429870549
1994,9,0.656973045752629
1994,10,0.208866884758144
1994,11,0.537737092647624
1994,12,1.96522211221395
1995,1,2.19249611079426
1995,2,1.34237678400543
1995,3,1.47461064145152
1995,4,-1.02709980089116
1995,5,-0.652392427980655
1995,6,0.0427365598100551
1995,7,0.22721373795492
1995,8,1.32584272747785
1995,9,-0.0862096103224592
1995,10,0.314348539606522
1995,11,-0.433773077094868
1995,12,-0.147000476457958
1996,1,-0.278466624813791
1996,2,0.7127611639439
1996,3,-0.995188456250035
1996,4,-0.267547673294916
1996,5,0.0507052724598118
1996,6,0.862916640917895
1996,7,-0.0616700202298764
1996,8,0.46664870822273
1996,9,-0.356041885148077
1996,10,-0.406475402470978
1996,11,-1.52552687735721
1996,12,0.643985590678193
1997,1,0.05059953844177
1997,2,1.04735981900243
1997,3,1.32719234837129
1997,4,-1.45047176587799
1997,5,-0.528519932736912
1997,6,0.207432973560123
1997,7,-0.111220521221528
1997,8,-0.119303833205826
1997,9,0.995959872796368
1997,10,-0.225442532328474
1997,11,-0.528335883488585
1997,12,0.930114761351032
1998,1,2.80956867635286
1998,2,3.3034799475212
1998,3,0.578809784467234
1998,4,0.544888432854417
1998,5,1.61736493798862
1998,6,-0.140705257927704
1998,7,1.00837878062456
1998,8,1.27380105733983
1998,9,2.25150189753928
1998,10,0.45300391308666
1998,11,1.48259409153807
1998,12,1.46961465779632
1999,1,1.89473161896621
1999,2,3.1248917801657
1999,3,1.28819365684815
1999,4,0.444659519354735
1999,5,0.468384211325102
1999,6,0.259685398985364
1999,7,0.620853079584791
1999,8,0.510038195192225
1999,9,0.270247900718215
1999,10,0.082581769116437
1999,11,3.30533935194556
1999,12,2.00101893843987
2000,1,1.82402119204192
2000,2,3.02866019091469
2000,3,3.08493175797907
2000,4,0.803026829805182
2000,5,1.45469328680258
2000,6,0.160322117353478
2000,7,0.10193996227753
2000,8,1.03238798707899
2000,9,0.365069461204986
2000,10,0.440665879124036
2000,11,-1.63330442072744
2000,12,-2.58627007877867
2001,1,1.38560366072302
2001,2,-0.255033230092575
2001,3,0.456672067903181
2001,4,1.02819999746775
2001,5,1.68725483213206
2001,6,0.594335603933432
2001,7,0.413001488519171
2001,8,1.5062677269195
2001,9,0.75012495555564
2001,10,0.187788004064522
2001,11,3.07166612950322
2001,12,2.19810739844845
2002,1,2.89348992116248
2002,2,1.67650052038087
2002,3,-0.957419331146752
2002,4,1.02471366134181
2002,5,-0.641072064760751
2002,6,1.1595001195227
2002,7,1.39112352324913
2002,8,0.662418100431638
2002,9,1.44159057500546
2002,10,-1.61226040204231
2002,11,-0.0651994135554444
2002,12,1.35040064163431
2003,1,1.47363084511938
2003,2,-1.01620292806592
2003,3,0.922217612410828
2003,4,0.15910476038777
2003,5,0.443905752415019
2003,6,0.00261999582129126
2003,7,1.08019087460266
2003,8,1.64581909328555
2003,9,0.572325806315228
2003,10,1.08646399630748
2003,11,0.149696494737411
2003,12,1.55387732566543
2004,1,-0.336226313558406
2004,2,0.227771932883089
2004,3,3.26837471825867
2004,4,0.902900355440246
2004,5,0.720849127059718
2004,6,-0.329515521350566
2004,7,-0.154155951828041
2004,8,-0.818303493771369
2004,9,0.772773327023073
2004,10,0.508217321301288
2004,11,1.11095283588582
2004,12,0.83642332571931
2005,1,1.37140951709261
2005,2,2.17938590723907
2005,3,0.694656828522956
2005,4,1.00042452908072
2005,5,-0.21613034118495
2005,6,0.789808499665583
2005,7,1.1091589343584
2005,8,0.848504499717781
2005,9,1.58715413214047
2005,10,0.78939489845145
2005,11,1.56230289092486
2005,12,0.0604534275451808
2006,1,5.3481428684939
2006,2,0.479495862563576
2006,3,1.10701199335435
2006,4,2.32711297348331
2006,5,1.38970639045568
2006,6,1.41484131829183
2006,7,1.78292410036536
2006,8,0.718826589266191
2006,9,-0.50126157631865
2006,10,-0.906677076370804
2006,11,1.35480071424095
2006,12,2.36923070610669
2007,1,1.33400073526058
2007,2,-1.12791346603038
2007,3,3.21672563723019
2007,4,-0.128356242028474
2007,5,1.28747529446413
2007,6,0.920486108729508
2007,7,0.811226491339411
2007,8,1.3313768181071
2007,9,1.01551643013516
2007,10,1.47820806819544
2007,11,0.872294663565886
2007,12,-0.122851710824874
2008,1,0.812231004800033
2008,2,0.236434079954206
2008,3,0.144371453875276
2008,4,-0.0308318293954553
2008,5,-0.464488707183381
2008,6,0.599013830590786
2008,7,0.441623560247979
2008,8,0.356382360018673
2008,9,0.471278125154249
2008,10,-0.0688051896116589
2008,11,1.16583336033795
2008,12,-0.938558959050081
2009,1,0.183734570975196
2009,2,1.40949196542031
2009,3,0.835212656584278
2009,4,0.117873389414133
2009,5,0.62319989685956
2009,6,0.0392530684099945
2009,7,-0.539306310080767
2009,8,0.105298860540879
2009,9,1.17349888379792
2009,10,-2.04993213401121
2009,11,2.47229213592513
2009,12,-1.51433371656078
2010,1,1.26454937438046
2010,2,-0.160025361146857
2010,3,2.2759545428371
2010,4,1.69244907531006
2010,5,0.259937364384685
2010,6,0.950441637542324
2010,7,0.919799236600339
2010,8,1.29185284175058
2010,9,0.920631302847678
2010,10,0.994288677448634
2010,11,0.274890131817676
2010,12,0.113018941069301
2011,1,0.176722204516663
2011,2,-0.45385826316379
2011,3,0.865778011951229
2011,4,0.334891799824729
2011,5,-0.339515156565707
2011,6,0.631799658189509
2011,7,1.44950016621489
2011,8,1.64011443952876
2011,9,1.06256582671533
2011,10,0.725248668406728
2011,11,1.2284039781025
2011,12,1.65594838668982
2012,1,3.53711692742203
2012,2,2.20609357777784
2012,3,5.21434366400782
2012,4,1.83919566077526
2012,5,1.89371734455042
2012,6,1.2768088613113
2012,7,1.88962526058173
2012,8,1.24079845178999
2012,9,0.986973527165899
2012,10,-0.0353179187806898
2012,11,1.00392196981808
2012,12,1.66476616716542
2013,1,1.4859220039763
2013,2,0.548249913807007
2013,3,0.343056044670675
2013,4,-0.778277114154735
2013,5,0.648766087670833
2013,6,0.956620291310443
2013,7,0.602657333946366
2013,8,0.706412406238193
2013,9,1.26918404577858
2013,10,-0.273648052338913
2013,11,-0.19201815902122
2013,12,-1.57310479875818
2014,1,0.45734075349706
2014,2,-1.23865291949755
2014,3,-0.815967297517998
2014,4,0.186418266473047
2014,5,0.746723916577041
2014,6,0.743628025485206
2014,7,0.0395645081161288
2014,8,0.324553543851372
2014,9,0.843646408856762
2014,10,1.45842370478119
2014,11,-1.43779638568415
2014,12,2.15444460808185
2015,1,1.61733050564851
2015,2,-1.35223050490903
2015,3,2.01725132785339
2015,4,0.962457259968288
2015,5,0.629046794402594
2015,6,1.4477893796002
2015,7,0.341124451592737
2015,8,0.825755417405387
2015,9,2.36609712457857
2015,10,1.3409934381207
2015,11,1.6292202483997
2015,12,3.59181637533787
2016,1,1.93240341959685
2016,2,2.96569662973905
2016,3,3.38277486287101
2016,4,0.792913111080606
2016,5,0.419352248334033
2016,6,1.66207150736822
2016,7,0.942341173400368
2016,8,1.15855778317037
2016,9,1.48209353306365
2016,10,1.74471006442235
2016,11,3.42252657942596
2016,12,-0.0426096610385935
2017,1,2.46512131924883
2017,2,3.677844886595
2017,3,2.22098589775947
2017,4,1.50403777927197
2017,5,0.318520368457775
2017,6,1.05249567043752
2017,7,1.12002947900917
2017,8,0.116956864248795
2017,9,1.19063403803147
2017,10,1.15437821282745
2017,11,1.22113937874201
2017,12,0.20762267922445
2018,1,1.5787944084531
2018,2,0.70303612468775
2018,3,0.960818737700883
2018,4,-1.31203101530674
2018,5,2.80296662209185
2018,6,1.45611375670236
2018,7,1.3148203963623
2018,8,1.16693549136188
2018,9,1.44867465094576
2018,10,-0.638511862743525
2018,11,-1.14638204218147
2018,12,1.43105233028204
2019,1,1.32073837981333
2019,2,-1.54167309799761
2019,3,-0.337639090209291
2019,4,0.862655672998441
2019,5,-0.496905099974705
2019,6,0.141133450402627
2019,7,0.818803871455733
2019,8,0.959289163582763
2019,9,1.75454357254475
2019,10,-1.06501155792684
2019,11,-0.653004690041876
2019,12,1.77506581280022
2020,1,NA
2020,2,NA
2020,3,NA
2020,4,NA
2020,5,NA
2020,6,NA
2020,7,NA
2020,8,NA
2020,9,NA
2020,10,NA
2020,11,NA
2020,12,NA
2021,1,NA
2021,2,NA
2021,3,NA
2021,4,NA
2021,5,NA
2021,6,NA
2021,7,NA
2021,8,NA
2021,9,NA
2021,10,NA
2021,11,NA
2021,12,NA
2022,1,NA
2022,2,NA
2022,3,NA
2022,4,NA
2022,5,NA
2022,6,NA
2022,7,NA
2022,8,NA
2022,9,NA
2022,10,NA
2022,11,NA
2022,12,NA
2023,1,NA
2023,2,NA
2023,3,NA
2023,4,NA
2023,5,NA
2023,6,NA
2023,7,NA
2023,8,NA
2023,9,NA
2023,10,NA
2023,11,NA
2023,12,NA
2024,1,NA
2024,2,NA
2024,3,NA
2024,4,NA
2024,5,NA
2024,6,NA
2024,7,NA
2024,8,NA
2024,9,NA
2024,10,NA
2024,11,NA
2024,12,NA
2025,1,NA
2025,2,NA
2025,3,NA
2025,4,NA
2025,5,NA
2025,6,NA
2025,7,NA
2025,8,NA
2025,9,NA
2025,10,NA
2025,11,NA
2025,12,NA
2026,1,NA
2026,2,NA
2026,3,NA
2026,4,NA
2026,5,NA
2026,6,NA
2026,7,NA
2026,8,NA
2026,9,NA
2026,10,NA
2026,11,NA
2026,12,NA
2027,1,NA
2027,2,NA
2027,3,NA
2027,4,NA
2027,5,NA
2027,6,NA
2027,7,NA
2027,8,NA
2027,9,NA
2027,10,NA
2027,11,NA
2027,12,NA
2028,1,NA
2028,2,NA
2028,3,NA
2028,4,NA
2028,5,NA
2028,6,NA
2028,7,NA
2028,8,NA
2028,9,NA
2028,10,NA
2028,11,NA
2028,12,NA
2029,1,NA
2029,2,NA
2029,3,NA
2029,4,NA
2029,5,NA
2029,6,NA
2029,7,NA
2029,8,NA
2029,9,NA
2029,10,NA
2029,11,NA
2029,12,NA
2030,1,NA
2030,2,NA
2030,3,NA
2030,4,NA
2030,5,NA
2030,6,NA
2030,7,NA
2030,8,NA
2030,9,NA
2030,10,NA
2030,11,NA
2030,12,NA
2031,1,NA
2031,2,NA
2031,3,NA
2031,4,NA
2031,5,NA
2031,6,NA
2031,7,NA
2031,8,NA
2031,9,NA
2031,10,NA
2031,11,NA
2031,12,NA
2032,1,NA
2032,2,NA
2032,3,NA
2032,4,NA
2032,5,NA
2032,6,NA
2032,7,NA
2032,8,NA
2032,9,NA
2032,10,NA
2032,11,NA
2032,12,NA
2033,1,NA
2033,2,NA
2033,3,NA
2033,4,NA
2033,5,NA
2033,6,NA
2033,7,NA
2033,8,NA
2033,9,NA
2033,10,NA
2033,11,NA
2033,12,NA
2034,1,NA
2034,2,NA
2034,3,NA
2034,4,NA
2034,5,NA
2034,6,NA
2034,7,NA
2034,8,NA
2034,9,NA
2034,10,NA
2034,11,NA
2034,12,NA
2035,1,NA
2035,2,NA
2035,3,NA
2035,4,NA
2035,5,NA
2035,6,NA
2035,7,NA
2035,8,NA
2035,9,NA
2035,10,NA
2035,11,NA
2035,12,NA
2036,1,NA
2036,2,NA
2036,3,NA
2036,4,NA
2036,5,NA
2036,6,NA
2036,7,NA
2036,8,NA
2036,9,NA
2036,10,NA
2036,11,NA
2036,12,NA
2037,1,NA
2037,2,NA
2037,3,NA
2037,4,NA
2037,5,NA
2037,6,NA
2037,7,NA
2037,8,NA
2037,9,NA
2037,10,NA
2037,11,NA
2037,12,NA
2038,1,NA
2038,2,NA
2038,3,NA
2038,4,NA
2038,5,NA
2038,6,NA
2038,7,NA
2038,8,NA
2038,9,NA
2038,10,NA
2038,11,NA
2038,12,NA
2039,1,NA
2039,2,NA
2039,3,NA
2039,4,NA
2039,5,NA
2039,6,NA
2039,7,NA
2039,8,NA
2039,9,NA
2039,10,NA
2039,11,NA
2039,12,NA
2040,1,NA
2040,2,NA
2040,3,NA
2040,4,NA
2040,5,NA
2040,6,NA
2040,7,NA
2040,8,NA
2040,9,NA
2040,10,NA
2040,11,NA
2040,12,NA
2041,1,NA
2041,2,NA
2041,3,NA
2041,4,NA
2041,5,NA
2041,6,NA
2041,7,NA
2041,8,NA
2041,9,NA
2041,10,NA
2041,11,NA
2041,12,NA
2042,1,NA
2042,2,NA
2042,3,NA
2042,4,NA
2042,5,NA
2042,6,NA
2042,7,NA
2042,8,NA
2042,9,NA
2042,10,NA
2042,11,NA
2042,12,NA
2043,1,NA
2043,2,NA
2043,3,NA
2043,4,NA
2043,5,NA
2043,6,NA
2043,7,NA
2043,8,NA
2043,9,NA
2043,10,NA
2043,11,NA
2043,12,NA
2044,1,NA
2044,2,NA
2044,3,NA
2044,4,NA
2044,5,NA
2044,6,NA
2044,7,NA
2044,8,NA
2044,9,NA
2044,10,NA
2044,11,NA
2044,12,NA
2045,1,NA
2045,2,NA
2045,3,NA
2045,4,NA
2045,5,NA
2045,6,NA
2045,7,NA
2045,8,NA
2045,9,NA
2045,10,NA
2045,11,NA
2045,12,NA
2046,1,NA
2046,2,NA
2046,3,NA
2046,4,NA
2046,5,NA
2046,6,NA
2046,7,NA
2046,8,NA
2046,9,NA
2046,10,NA
2046,11,NA
2046,12,NA
2047,1,NA
2047,2,NA
2047,3,NA
2047,4,NA
2047,5,NA
2047,6,NA
2047,7,NA
2047,8,NA
2047,9,NA
2047,10,NA
2047,11,NA
2047,12,NA
2048,1,NA
2048,2,NA
2048,3,NA
2048,4,NA
2048,5,NA
2048,6,NA
2048,7,NA
2048,8,NA
2048,9,NA
2048,10,NA
2048,11,NA
2048,12,NA
2049,1,NA
2049,2,NA
2049,3,NA
2049,4,NA
2049,5,NA
2049,6,NA
2049,7,NA
2049,8,NA
2049,9,NA
2049,10,NA
2049,11,NA
2049,12,NA
2050,1,NA
2050,2,NA
2050,3,NA
2050,4,NA
2050,5,NA
2050,6,NA
2050,7,NA
2050,8,NA
2050,9,NA
2050,10,NA
2050,11,NA
2050,12,NA
2051,1,NA
2051,2,NA
2051,3,NA
2051,4,NA
2051,5,NA
2051,6,NA
2051,7,NA
2051,8,NA
2051,9,NA
2051,10,NA
2051,11,NA
2051,12,NA
2052,1,NA
2052,2,NA
2052,3,NA
2052,4,NA
2052,5,NA
2052,6,NA
2052,7,NA
2052,8,NA
2052,9,NA
2052,10,NA
2052,11,NA
2052,12,NA
2053,1,NA
2053,2,NA
2053,3,NA
2053,4,NA
2053,5,NA
2053,6,NA
2053,7,NA
2053,8,NA
2053,9,NA
2053,10,NA
2053,11,NA
2053,12,NA
2054,1,NA
2054,2,NA
2054,3,NA
2054,4,NA
2054,5,NA
2054,6,NA
2054,7,NA
2054,8,NA
2054,9,NA
2054,10,NA
2054,11,NA
2054,12,NA
2055,1,NA
2055,2,NA
2055,3,NA
2055,4,NA
2055,5,NA
2055,6,NA
2055,7,NA
2055,8,NA
2055,9,NA
2055,10,NA
2055,11,NA
2055,12,NA
2056,1,NA
2056,2,NA
2056,3,NA
2056,4,NA
2056,5,NA
2056,6,NA
2056,7,NA
2056,8,NA
2056,9,NA
2056,10,NA
2056,11,NA
2056,12,NA
2057,1,NA
2057,2,NA
2057,3,NA
2057,4,NA
2057,5,NA
2057,6,NA
2057,7,NA
2057,8,NA
2057,9,NA
2057,10,NA
2057,11,NA
2057,12,NA
2058,1,NA
2058,2,NA
2058,3,NA
2058,4,NA
2058,5,NA
2058,6,NA
2058,7,NA
2058,8,NA
2058,9,NA
2058,10,NA
2058,11,NA
2058,12,NA
2059,1,NA
2059,2,NA
2059,3,NA
2059,4,NA
2059,5,NA
2059,6,NA
2059,7,NA
2059,8,NA
2059,9,NA
2059,10,NA
2059,11,NA
2059,12,NA
2060,1,NA
2060,2,NA
2060,3,NA
2060,4,NA
2060,5,NA
2060,6,NA
2060,7,NA
2060,8,NA
2060,9,NA
2060,10,NA
2060,11,NA
2060,12,NA
2061,1,NA
2061,2,NA
2061,3,NA
2061,4,NA
2061,5,NA
2061,6,NA
2061,7,NA
2061,8,NA
2061,9,NA
2061,10,NA
2061,11,NA
2061,12,NA
2062,1,NA
2062,2,NA
2062,3,NA
2062,4,NA
2062,5,NA
2062,6,NA
2062,7,NA
2062,8,NA
2062,9,NA
2062,10,NA
2062,11,NA
2062,12,NA
2063,1,NA
2063,2,NA
2063,3,NA
2063,4,NA
2063,5,NA
2063,6,NA
2063,7,NA
2063,8,NA
2063,9,NA
2063,10,NA
2063,11,NA
2063,12,NA
2064,1,NA
2064,2,NA
2064,3,NA
2064,4,NA
2064,5,NA
2064,6,NA
2064,7,NA
2064,8,NA
2064,9,NA
2064,10,NA
2064,11,NA
2064,12,NA
2065,1,NA
2065,2,NA
2065,3,NA
2065,4,NA
2065,5,NA
2065,6,NA
2065,7,NA
2065,8,NA
2065,9,NA
2065,10,NA
2065,11,NA
2065,12,NA
2066,1,NA
2066,2,NA
2066,3,NA
2066,4,NA
2066,5,NA
2066,6,NA
2066,7,NA
2066,8,NA
2066,9,NA
2066,10,NA
2066,11,NA
2066,12,NA
2067,1,NA
2067,2,NA
2067,3,NA
2067,4,NA
2067,5,NA
2067,6,NA
2067,7,NA
2067,8,NA
2067,9,NA
2067,10,NA
2067,11,NA
2067,12,NA
2068,1,NA
2068,2,NA
2068,3,NA
2068,4,NA
2068,5,NA
2068,6,NA
2068,7,NA
2068,8,NA
2068,9,NA
2068,10,NA
2068,11,NA
2068,12,NA
2069,1,NA
2069,2,NA
2069,3,NA
2069,4,NA
2069,5,NA
2069,6,NA
2069,7,NA
2069,8,NA
2069,9,NA
2069,10,NA
2069,11,NA
2069,12,NA
2070,1,NA
2070,2,NA
2070,3,NA
2070,4,NA
2070,5,NA
2070,6,NA
2070,7,NA
2070,8,NA
2070,9,NA
2070,10,NA
2070,11,NA
2070,12,NA
2071,1,NA
2071,2,NA
2071,3,NA
2071,4,NA
2071,5,NA
2071,6,NA
2071,7,NA
2071,8,NA
2071,9,NA
2071,10,NA
2071,11,NA
2071,12,NA
2072,1,NA
2072,2,NA
2072,3,NA
2072,4,NA
2072,5,NA
2072,6,NA
2072,7,NA
2072,8,NA
2072,9,NA
2072,10,NA
2072,11,NA
2072,12,NA
2073,1,NA
2073,2,NA
2073,3,NA
2073,4,NA
2073,5,NA
2073,6,NA
2073,7,NA
2073,8,NA
2073,9,NA
2073,10,NA
2073,11,NA
2073,12,NA
2074,1,NA
2074,2,NA
2074,3,NA
2074,4,NA
2074,5,NA
2074,6,NA
2074,7,NA
2074,8,NA
2074,9,NA
2074,10,NA
2074,11,NA
2074,12,NA
2075,1,NA
2075,2,NA
2075,3,NA
2075,4,NA
2075,5,NA
2075,6,NA
2075,7,NA
2075,8,NA
2075,9,NA
2075,10,NA
2075,11,NA
2075,12,NA
2076,1,NA
2076,2,NA
2076,3,NA
2076,4,NA
2076,5,NA
2076,6,NA
2076,7,NA
2076,8,NA
2076,9,NA
2076,10,NA
2076,11,NA
2076,12,NA
2077,1,NA
2077,2,NA
2077,3,NA
2077,4,NA
2077,5,NA
2077,6,NA
2077,7,NA
2077,8,NA
2077,9,NA
2077,10,NA
2077,11,NA
2077,12,NA
2078,1,NA
2078,2,NA
2078,3,NA
2078,4,NA
2078,5,NA
2078,6,NA
2078,7,NA
2078,8,NA
2078,9,NA
2078,10,NA
2078,11,NA
2078,12,NA
2079,1,NA
2079,2,NA
2079,3,NA
2079,4,NA
2079,5,NA
2079,6,NA
2079,7,NA
2079,8,NA
2079,9,NA
2079,10,NA
2079,11,NA
2079,12,NA
2080,1,NA
2080,2,NA
2080,3,NA
2080,4,NA
2080,5,NA
2080,6,NA
2080,7,NA
2080,8,NA
2080,9,NA
2080,10,NA
2080,11,NA
2080,12,NA
2081,1,NA
2081,2,NA
2081,3,NA
2081,4,NA
2081,5,NA
2081,6,NA
2081,7,NA
2081,8,NA
2081,9,NA
2081,10,NA
2081,11,NA
2081,12,NA
2082,1,NA
2082,2,NA
2082,3,NA
2082,4,NA
2082,5,NA
2082,6,NA
2082,7,NA
2082,8,NA
2082,9,NA
2082,10,NA
2082,11,NA
2082,12,NA
2083,1,NA
2083,2,NA
2083,3,NA
2083,4,NA
2083,5,NA
2083,6,NA
2083,7,NA
2083,8,NA
2083,9,NA
2083,10,NA
2083,11,NA
2083,12,NA
2084,1,NA
2084,2,NA
2084,3,NA
2084,4,NA
2084,5,NA
2084,6,NA
2084,7,NA
2084,8,NA
2084,9,NA
2084,10,NA
2084,11,NA
2084,12,NA
2085,1,NA
2085,2,NA
2085,3,NA
2085,4,NA
2085,5,NA
2085,6,NA
2085,7,NA
2085,8,NA
2085,9,NA
2085,10,NA
2085,11,NA
2085,12,NA
2086,1,NA
2086,2,NA
2086,3,NA
2086,4,NA
2086,5,NA
2086,6,NA
2086,7,NA
2086,8,NA
2086,9,NA
2086,10,NA
2086,11,NA
2086,12,NA
2087,1,NA
2087,2,NA
2087,3,NA
2087,4,NA
2087,5,NA
2087,6,NA
2087,7,NA
2087,8,NA
2087,9,NA
2087,10,NA
2087,11,NA
2087,12,NA
2088,1,NA
2088,2,NA
2088,3,NA
2088,4,NA
2088,5,NA
2088,6,NA
2088,7,NA
2088,8,NA
2088,9,NA
2088,10,NA
2088,11,NA
2088,12,NA
2089,1,NA
2089,2,NA
2089,3,NA
2089,4,NA
2089,5,NA
2089,6,NA
2089,7,NA
2089,8,NA
2089,9,NA
2089,10,NA
2089,11,NA
2089,12,NA
2090,1,NA
2090,2,NA
2090,3,NA
2090,4,NA
2090,5,NA
2090,6,NA
2090,7,NA
2090,8,NA
2090,9,NA
2090,10,NA
2090,11,NA
2090,12,NA
2091,1,NA
2091,2,NA
2091,3,NA
2091,4,NA
2091,5,NA
2091,6,NA
2091,7,NA
2091,8,NA
2091,9,NA
2091,10,NA
2091,11,NA
2091,12,NA
2092,1,NA
2092,2,NA
2092,3,NA
2092,4,NA
2092,5,NA
2092,6,NA
2092,7,NA
2092,8,NA
2092,9,NA
2092,10,NA
2092,11,NA
2092,12,NA
2093,1,NA
2093,2,NA
2093,3,NA
2093,4,NA
2093,5,NA
2093,6,NA
2093,7,NA
2093,8,NA
2093,9,NA
2093,10,NA
2093,11,NA
2093,12,NA
2094,1,NA
2094,2,NA
2094,3,NA
2094,4,NA
2094,5,NA
2094,6,NA
2094,7,NA
2094,8,NA
2094,9,NA
2094,10,NA
2094,11,NA
2094,12,NA
2095,1,NA
2095,2,NA
2095,3,NA
2095,4,NA
2095,5,NA
2095,6,NA
2095,7,NA
2095,8,NA
2095,9,NA
2095,10,NA
2095,11,NA
2095,12,NA
2096,1,NA
2096,2,NA
2096,3,NA
2096,4,NA
2096,5,NA
2096,6,NA
2096,7,NA
2096,8,NA
2096,9,NA
2096,10,NA
2096,11,NA
2096,12,NA
2097,1,NA
2097,2,NA
2097,3,NA
2097,4,NA
2097,5,NA
2097,6,NA
2097,7,NA
2097,8,NA
2097,9,NA
2097,10,NA
2097,11,NA
2097,12,NA
2098,1,NA
2098,2,NA
2098,3,NA
2098,4,NA
2098,5,NA
2098,6,NA
2098,7,NA
2098,8,NA
2098,9,NA
2098,10,NA
2098,11,NA
2098,12,NA
2099,1,NA
2099,2,NA
2099,3,NA
2099,4,NA
2099,5,NA
2099,6,NA
2099,7,NA
2099,8,NA
2099,9,NA
2099,10,NA
2099,11,NA
2099,12,NA
2100,1,NA
2100,2,NA
2100,3,NA
2100,4,NA
2100,5,NA
2100,6,NA
2100,7,NA
2100,8,NA
2100,9,NA
2100,10,NA
2100,11,NA
2100,12,NA
2101,1,NA
2101,2,NA
2101,3,NA
2101,4,NA
2101,5,NA
2101,6,NA
2101,7,NA
2101,8,NA
2101,9,NA
2101,10,NA
2101,11,NA
2101,12,NA
2102,1,NA
2102,2,NA
2102,3,NA
2102,4,NA
2102,5,NA
2102,6,NA
2102,7,NA
2102,8,NA
2102,9,NA
2102,10,NA
2102,11,NA
2102,12,NA
2103,1,NA
2103,2,NA
2103,3,NA
2103,4,NA
2103,5,NA
2103,6,NA
2103,7,NA
2103,8,NA
2103,9,NA
2103,10,NA
2103,11,NA
2103,12,NA
2104,1,NA
2104,2,NA
2104,3,NA
2104,4,NA
2104,5,NA
2104,6,NA
2104,7,NA
2104,8,NA
2104,9,NA
2104,10,NA
2104,11,NA
2104,12,NA
2105,1,NA
2105,2,NA
2105,3,NA
2105,4,NA
2105,5,NA
2105,6,NA
2105,7,NA
2105,8,NA
2105,9,NA
2105,10,NA
2105,11,NA
2105,12,NA
2106,1,NA
2106,2,NA
2106,3,NA
2106,4,NA
2106,5,NA
2106,6,NA
2106,7,NA
2106,8,NA
2106,9,NA
2106,10,NA
2106,11,NA
2106,12,NA
2107,1,NA
2107,2,NA
2107,3,NA
2107,4,NA
2107,5,NA
2107,6,NA
2107,7,NA
2107,8,NA
2107,9,NA
2107,10,NA
2107,11,NA
2107,12,NA
2108,1,NA
2108,2,NA
2108,3,NA
2108,4,NA
2108,5,NA
2108,6,NA
2108,7,NA
2108,8,NA
2108,9,NA
2108,10,NA
2108,11,NA
2108,12,NA
2109,1,NA
2109,2,NA
2109,3,NA
2109,4,NA
2109,5,NA
2109,6,NA
2109,7,NA
2109,8,NA
2109,9,NA
2109,10,NA
2109,11,NA
2109,12,NA
2110,1,NA
2110,2,NA
2110,3,NA
2110,4,NA
2110,5,NA
2110,6,NA
2110,7,NA
2110,8,NA
2110,9,NA
2110,10,NA
2110,11,NA
2110,12,NA
2111,1,NA
2111,2,NA
2111,3,NA
2111,4,NA
2111,5,NA
2111,6,NA
2111,7,NA
2111,8,NA
2111,9,NA
2111,10,NA
2111,11,NA
2111,12,NA
2112,1,NA
2112,2,NA
2112,3,NA
2112,4,NA
2112,5,NA
2112,6,NA
2112,7,NA
2112,8,NA
2112,9,NA
2112,10,NA
2112,11,NA
2112,12,NA
2113,1,NA
2113,2,NA
2113,3,NA
2113,4,NA
2113,5,NA
2113,6,NA
2113,7,NA
2113,8,NA
2113,9,NA
2113,10,NA
2113,11,NA
2113,12,NA
2114,1,NA
2114,2,NA
2114,3,NA
2114,4,NA
2114,5,NA
2114,6,NA
2114,7,NA
2114,8,NA
2114,9,NA
2114,10,NA
2114,11,NA
2114,12,NA
2115,1,NA
2115,2,NA
2115,3,NA
2115,4,NA
2115,5,NA
2115,6,NA
2115,7,NA
2115,8,NA
2115,9,NA
2115,10,NA
2115,11,NA
2115,12,NA
2116,1,NA
2116,2,NA
2116,3,NA
2116,4,NA
2116,5,NA
2116,6,NA
2116,7,NA
2116,8,NA
2116,9,NA
2116,10,NA
2116,11,NA
2116,12,NA
2117,1,NA
2117,2,NA
2117,3,NA
2117,4,NA
2117,5,NA
2117,6,NA
2117,7,NA
2117,8,NA
2117,9,NA
2117,10,NA
2117,11,NA
2117,12,NA
2118,1,NA
2118,2,NA
2118,3,NA
2118,4,NA
2118,5,NA
2118,6,NA
2118,7,NA
2118,8,NA
2118,9,NA
2118,10,NA
2118,11,NA
2118,12,NA
2119,1,NA
2119,2,NA
2119,3,NA
2119,4,NA
2119,5,NA
2119,6,NA
2119,7,NA
2119,8,NA
2119,9,NA
2119,10,NA
2119,11,NA
2119,12,NA
2120,1,NA
2120,2,NA
2120,3,NA
2120,4,NA
2120,5,NA
2120,6,NA
2120,7,NA
2120,8,NA
2120,9,NA
2120,10,NA
2120,11,NA
2120,12,NA
2121,1,NA
2121,2,NA
2121,3,NA
2121,4,NA
2121,5,NA
2121,6,NA
2121,7,NA
2121,8,NA
2121,9,NA
2121,10,NA
2121,11,NA
2121,12,NA
2122,1,NA
2122,2,NA
2122,3,NA
2122,4,NA
2122,5,NA
2122,6,NA
2122,7,NA
2122,8,NA
2122,9,NA
2122,10,NA
2122,11,NA
2122,12,NA
2123,1,NA
2123,2,NA
2123,3,NA
2123,4,NA
2123,5,NA
2123,6,NA
2123,7,NA
2123,8,NA
2123,9,NA
2123,10,NA
2123,11,NA
2123,12,NA
2124,1,NA
2124,2,NA
2124,3,NA
2124,4,NA
2124,5,NA
2124,6,NA
2124,7,NA
2124,8,NA
2124,9,NA
2124,10,NA
2124,11,NA
2124,12,NA
2125,1,NA
2125,2,NA
2125,3,NA
2125,4,NA
2125,5,NA
2125,6,NA
2125,7,NA
2125,8,NA
2125,9,NA
2125,10,NA
2125,11,NA
2125,12,NA
2126,1,NA
2126,2,NA
2126,3,NA
2126,4,NA
2126,5,NA
2126,6,NA
2126,7,NA
2126,8,NA
2126,9,NA
2126,10,NA
2126,11,NA
2126,12,NA
2127,1,NA
2127,2,NA
2127,3,NA
2127,4,NA
2127,5,NA
2127,6,NA
2127,7,NA
2127,8,NA
2127,9,NA
2127,10,NA
2127,11,NA
2127,12,NA
2128,1,NA
2128,2,NA
2128,3,NA
2128,4,NA
2128,5,NA
2128,6,NA
2128,7,NA
2128,8,NA
2128,9,NA
2128,10,NA
2128,11,NA
2128,12,NA
2129,1,NA
2129,2,NA
2129,3,NA
2129,4,NA
2129,5,NA
2129,6,NA
2129,7,NA
2129,8,NA
2129,9,NA
2129,10,NA
2129,11,NA
2129,12,NA
2130,1,NA
2130,2,NA
2130,3,NA
2130,4,NA
2130,5,NA
2130,6,NA
2130,7,NA
2130,8,NA
2130,9,NA
2130,10,NA
2130,11,NA
2130,12,NA
2131,1,NA
2131,2,NA
2131,3,NA
2131,4,NA
2131,5,NA
2131,6,NA
2131,7,NA
2131,8,NA
2131,9,NA
2131,10,NA
2131,11,NA
2131,12,NA
2132,1,NA
2132,2,NA
2132,3,NA
2132,4,NA
2132,5,NA
2132,6,NA
2132,7,NA
2132,8,NA
2132,9,NA
2132,10,NA
2132,11,NA
2132,12,NA
2133,1,NA
2133,2,NA
2133,3,NA
2133,4,NA
2133,5,NA
2133,6,NA
2133,7,NA
2133,8,NA
2133,9,NA
2133,10,NA
2133,11,NA
2133,12,NA
2134,1,NA
2134,2,NA
2134,3,NA
2134,4,NA
2134,5,NA
2134,6,NA
2134,7,NA
2134,8,NA
2134,9,NA
2134,10,NA
2134,11,NA
2134,12,NA
2135,1,NA
2135,2,NA
2135,3,NA
2135,4,NA
2135,5,NA
2135,6,NA
2135,7,NA
2135,8,NA
2135,9,NA
2135,10,NA
2135,11,NA
2135,12,NA
2136,1,NA
2136,2,NA
2136,3,NA
2136,4,NA
2136,5,NA
2136,6,NA
2136,7,NA
2136,8,NA
2136,9,NA
2136,10,NA
2136,11,NA
2136,12,NA
2137,1,NA
2137,2,NA
2137,3,NA
2137,4,NA
2137,5,NA
2137,6,NA
2137,7,NA
2137,8,NA
2137,9,NA
2137,10,NA
2137,11,NA
2137,12,NA
2138,1,NA
2138,2,NA
2138,3,NA
2138,4,NA
2138,5,NA
2138,6,NA
2138,7,NA
2138,8,NA
2138,9,NA
2138,10,NA
2138,11,NA
2138,12,NA
2139,1,NA
2139,2,NA
2139,3,NA
2139,4,NA
2139,5,NA
2139,6,NA
2139,7,NA
2139,8,NA
2139,9,NA
2139,10,NA
2139,11,NA
2139,12,NA
2140,1,NA
2140,2,NA
2140,3,NA
2140,4,NA
2140,5,NA
2140,6,NA
2140,7,NA
2140,8,NA
2140,9,NA
2140,10,NA
2140,11,NA
2140,12,NA
2141,1,NA
2141,2,NA
2141,3,NA
2141,4,NA
2141,5,NA
2141,6,NA
2141,7,NA
2141,8,NA
2141,9,NA
2141,10,NA
2141,11,NA
2141,12,NA
2142,1,NA
2142,2,NA
2142,3,NA
2142,4,NA
2142,5,NA
2142,6,NA
2142,7,NA
2142,8,NA
2142,9,NA
2142,10,NA
2142,11,NA
2142,12,NA
2143,1,NA
2143,2,NA
2143,3,NA
2143,4,NA
2143,5,NA
2143,6,NA
2143,7,NA
2143,8,NA
2143,9,NA
2143,10,NA
2143,11,NA
2143,12,NA
2144,1,NA
2144,2,NA
2144,3,NA
2144,4,NA
2144,5,NA
2144,6,NA
2144,7,NA
2144,8,NA
2144,9,NA
2144,10,NA
2144,11,NA
2144,12,NA
2145,1,NA
2145,2,NA
2145,3,NA
2145,4,NA
2145,5,NA
2145,6,NA
2145,7,NA
2145,8,NA
2145,9,NA
2145,10,NA
2145,11,NA
2145,12,NA
2146,1,NA
2146,2,NA
2146,3,NA
2146,4,NA
2146,5,NA
2146,6,NA
2146,7,NA
2146,8,NA
2146,9,NA
2146,10,NA
2146,11,NA
2146,12,NA
2147,1,NA
2147,2,NA
2147,3,NA
2147,4,NA
2147,5,NA
2147,6,NA
2147,7,NA
2147,8,NA
2147,9,NA
2147,10,NA
2147,11,NA
2147,12,NA
2148,1,NA
2148,2,NA
2148,3,NA
2148,4,NA
2148,5,NA
2148,6,NA
2148,7,NA
2148,8,NA
2148,9,NA
2148,10,NA
2148,11,NA
2148,12,NA
2149,1,NA
2149,2,NA
2149,3,NA
2149,4,NA
2149,5,NA
2149,6,NA
2149,7,NA
2149,8,NA
2149,9,NA
2149,10,NA
2149,11,NA
2149,12,NA
2150,1,NA
2150,2,NA
2150,3,NA
2150,4,NA
2150,5,NA
2150,6,NA
2150,7,NA
2150,8,NA
2150,9,NA
2150,10,NA
2150,11,NA
2150,12,NA
2151,1,NA
2151,2,NA
2151,3,NA
2151,4,NA
2151,5,NA
2151,6,NA
2151,7,NA
2151,8,NA
2151,9,NA
2151,10,NA
2151,11,NA
2151,12,NA
2152,1,NA
2152,2,NA
2152,3,NA
2152,4,NA
2152,5,NA
2152,6,NA
2152,7,NA
2152,8,NA
2152,9,NA
2152,10,NA
2152,11,NA
2152,12,NA
2153,1,NA
2153,2,NA
2153,3,NA
2153,4,NA
2153,5,NA
2153,6,NA
2153,7,NA
2153,8,NA
2153,9,NA
2153,10,NA
2153,11,NA
2153,12,NA
2154,1,NA
2154,2,NA
2154,3,NA
2154,4,NA
2154,5,NA
2154,6,NA
2154,7,NA
2154,8,NA
2154,9,NA
2154,10,NA
2154,11,NA
2154,12,NA
2155,1,NA
2155,2,NA
2155,3,NA
2155,4,NA
2155,5,NA
2155,6,NA
2155,7,NA
2155,8,NA
2155,9,NA
2155,10,NA
2155,11,NA
2155,12,NA
2156,1,NA
2156,2,NA
2156,3,NA
2156,4,NA
2156,5,NA
2156,6,NA
2156,7,NA
2156,8,NA
2156,9,NA
2156,10,NA
2156,11,NA
2156,12,NA
2157,1,NA
2157,2,NA
2157,3,NA
2157,4,NA
2157,5,NA
2157,6,NA
2157,7,NA
2157,8,NA
2157,9,NA
2157,10,NA
2157,11,NA
2157,12,NA
2158,1,NA
2158,2,NA
2158,3,NA
2158,4,NA
2158,5,NA
2158,6,NA
2158,7,NA
2158,8,NA
2158,9,NA
2158,10,NA
2158,11,NA
2158,12,NA
2159,1,NA
2159,2,NA
2159,3,NA
2159,4,NA
2159,5,NA
2159,6,NA
2159,7,NA
2159,8,NA
2159,9,NA
2159,10,NA
2159,11,NA
2159,12,NA
2160,1,NA
2160,2,NA
2160,3,NA
2160,4,NA
2160,5,NA
2160,6,NA
2160,7,NA
2160,8,NA
2160,9,NA
2160,10,NA
2160,11,NA
2160,12,NA
2161,1,NA
2161,2,NA
2161,3,NA
2161,4,NA
2161,5,NA
2161,6,NA
2161,7,NA
2161,8,NA
2161,9,NA
2161,10,NA
2161,11,NA
2161,12,NA
2162,1,NA
2162,2,NA
2162,3,NA
2162,4,NA
2162,5,NA
2162,6,NA
2162,7,NA
2162,8,NA
2162,9,NA
2162,10,NA
2162,11,NA
2162,12,NA
2163,1,NA
2163,2,NA
2163,3,NA
2163,4,NA
2163,5,NA
2163,6,NA
2163,7,NA
2163,8,NA
2163,9,NA
2163,10,NA
2163,11,NA
2163,12,NA
2164,1,NA
2164,2,NA
2164,3,NA
2164,4,NA
2164,5,NA
2164,6,NA
2164,7,NA
2164,8,NA
2164,9,NA
2164,10,NA
2164,11,NA
2164,12,NA
2165,1,NA
2165,2,NA
2165,3,NA
2165,4,NA
2165,5,NA
2165,6,NA
2165,7,NA
2165,8,NA
2165,9,NA
2165,10,NA
2165,11,NA
2165,12,NA
2166,1,NA
2166,2,NA
2166,3,NA
2166,4,NA
2166,5,NA
2166,6,NA
2166,7,NA
2166,8,NA
2166,9,NA
2166,10,NA
2166,11,NA
2166,12,NA
2167,1,NA
2167,2,NA
2167,3,NA
2167,4,NA
2167,5,NA
2167,6,NA
2167,7,NA
2167,8,NA
2167,9,NA
2167,10,NA
2167,11,NA
2167,12,NA
2168,1,NA
2168,2,NA
2168,3,NA
2168,4,NA
2168,5,NA
2168,6,NA
2168,7,NA
2168,8,NA
2168,9,NA
2168,10,NA
2168,11,NA
2168,12,NA
2169,1,NA
2169,2,NA
2169,3,NA
2169,4,NA
2169,5,NA
2169,6,NA
2169,7,NA
2169,8,NA
2169,9,NA
2169,10,NA
2169,11,NA
2169,12,NA
2170,1,NA
2170,2,NA
2170,3,NA
2170,4,NA
2170,5,NA
2170,6,NA
2170,7,NA
2170,8,NA
2170,9,NA
2170,10,NA
2170,11,NA
2170,12,NA
2171,1,NA
2171,2,NA
2171,3,NA
2171,4,NA
2171,5,NA
2171,6,NA
2171,7,NA
2171,8,NA
2171,9,NA
2171,10,NA
2171,11,NA
2171,12,NA
2172,1,NA
2172,2,NA
2172,3,NA
2172,4,NA
2172,5,NA
2172,6,NA
2172,7,NA
2172,8,NA
2172,9,NA
2172,10,NA
2172,11,NA
2172,12,NA
2173,1,NA
2173,2,NA
2173,3,NA
2173,4,NA
2173,5,NA
2173,6,NA
2173,7,NA
2173,8,NA
2173,9,NA
2173,10,NA
2173,11,NA
2173,12,NA
2174,1,NA
2174,2,NA
2174,3,NA
2174,4,NA
2174,5,NA
2174,6,NA
2174,7,NA
2174,8,NA
2174,9,NA
2174,10,NA
2174,11,NA
2174,12,NA
2175,1,NA
2175,2,NA
2175,3,NA
2175,4,NA
2175,5,NA
2175,6,NA
2175,7,NA
2175,8,NA
2175,9,NA
2175,10,NA
2175,11,NA
2175,12,NA
2176,1,NA
2176,2,NA
2176,3,NA
2176,4,NA
2176,5,NA
2176,6,NA
2176,7,NA
2176,8,NA
2176,9,NA
2176,10,NA
2176,11,NA
2176,12,NA
2177,1,NA
2177,2,NA
2177,3,NA
2177,4,NA
2177,5,NA
2177,6,NA
2177,7,NA
2177,8,NA
2177,9,NA
2177,10,NA
2177,11,NA
2177,12,NA
2178,1,NA
2178,2,NA
2178,3,NA
2178,4,NA
2178,5,NA
2178,6,NA
2178,7,NA
2178,8,NA
2178,9,NA
2178,10,NA
2178,11,NA
2178,12,NA
2179,1,NA
2179,2,NA
2179,3,NA
2179,4,NA
2179,5,NA
2179,6,NA
2179,7,NA
2179,8,NA
2179,9,NA
2179,10,NA
2179,11,NA
2179,12,NA
2180,1,NA
2180,2,NA
2180,3,NA
2180,4,NA
2180,5,NA
2180,6,NA
2180,7,NA
2180,8,NA
2180,9,NA
2180,10,NA
2180,11,NA
2180,12,NA
2181,1,NA
2181,2,NA
2181,3,NA
2181,4,NA
2181,5,NA
2181,6,NA
2181,7,NA
2181,8,NA
2181,9,NA
2181,10,NA
2181,11,NA
2181,12,NA
2182,1,NA
2182,2,NA
2182,3,NA
2182,4,NA
2182,5,NA
2182,6,NA
2182,7,NA
2182,8,NA
2182,9,NA
2182,10,NA
2182,11,NA
2182,12,NA
2183,1,NA
2183,2,NA
2183,3,NA
2183,4,NA
2183,5,NA
2183,6,NA
2183,7,NA
2183,8,NA
2183,9,NA
2183,10,NA
2183,11,NA
2183,12,NA
2184,1,NA
2184,2,NA
2184,3,NA
2184,4,NA
2184,5,NA
2184,6,NA
2184,7,NA
2184,8,NA
2184,9,NA
2184,10,NA
2184,11,NA
2184,12,NA
2185,1,NA
2185,2,NA
2185,3,NA
2185,4,NA
2185,5,NA
2185,6,NA
2185,7,NA
2185,8,NA
2185,9,NA
2185,10,NA
2185,11,NA
2185,12,NA
2186,1,NA
2186,2,NA
2186,3,NA
2186,4,NA
2186,5,NA
2186,6,NA
2186,7,NA
2186,8,NA
2186,9,NA
2186,10,NA
2186,11,NA
2186,12,NA
2187,1,NA
2187,2,NA
2187,3,NA
2187,4,NA
2187,5,NA
2187,6,NA
2187,7,NA
2187,8,NA
2187,9,NA
2187,10,NA
2187,11,NA
2187,12,NA
2188,1,NA
2188,2,NA
2188,3,NA
2188,4,NA
2188,5,NA
2188,6,NA
2188,7,NA
2188,8,NA
2188,9,NA
2188,10,NA
2188,11,NA
2188,12,NA
2189,1,NA
2189,2,NA
2189,3,NA
2189,4,NA
2189,5,NA
2189,6,NA
2189,7,NA
2189,8,NA
2189,9,NA
2189,10,NA
2189,11,NA
2189,12,NA
2190,1,NA
2190,2,NA
2190,3,NA
2190,4,NA
2190,5,NA
2190,6,NA
2190,7,NA
2190,8,NA
2190,9,NA
2190,10,NA
2190,11,NA
2190,12,NA
2191,1,NA
2191,2,NA
2191,3,NA
2191,4,NA
2191,5,NA
2191,6,NA
2191,7,NA
2191,8,NA
2191,9,NA
2191,10,NA
2191,11,NA
2191,12,NA
2192,1,NA
2192,2,NA
2192,3,NA
2192,4,NA
2192,5,NA
2192,6,NA
2192,7,NA
2192,8,NA
2192,9,NA
2192,10,NA
2192,11,NA
2192,12,NA
2193,1,NA
2193,2,NA
2193,3,NA
2193,4,NA
2193,5,NA
2193,6,NA
2193,7,NA
2193,8,NA
2193,9,NA
2193,10,NA
2193,11,NA
2193,12,NA
2194,1,NA
2194,2,NA
2194,3,NA
2194,4,NA
2194,5,NA
2194,6,NA
2194,7,NA
2194,8,NA
2194,9,NA
2194,10,NA
2194,11,NA
2194,12,NA
2195,1,NA
2195,2,NA
2195,3,NA
2195,4,NA
2195,5,NA
2195,6,NA
2195,7,NA
2195,8,NA
2195,9,NA
2195,10,NA
2195,11,NA
2195,12,NA
2196,1,NA
2196,2,NA
2196,3,NA
2196,4,NA
2196,5,NA
2196,6,NA
2196,7,NA
2196,8,NA
2196,9,NA
2196,10,NA
2196,11,NA
2196,12,NA
2197,1,NA
2197,2,NA
2197,3,NA
2197,4,NA
2197,5,NA
2197,6,NA
2197,7,NA
2197,8,NA
2197,9,NA
2197,10,NA
2197,11,NA
2197,12,NA
2198,1,NA
2198,2,NA
2198,3,NA
2198,4,NA
2198,5,NA
2198,6,NA
2198,7,NA
2198,8,NA
2198,9,NA
2198,10,NA
2198,11,NA
2198,12,NA
2199,1,NA
2199,2,NA
2199,3,NA
2199,4,NA
2199,5,NA
2199,6,NA
2199,7,NA
2199,8,NA
2199,9,NA
2199,10,NA
2199,11,NA
2199,12,NA
2200,1,NA
2200,2,NA
2200,3,NA
2200,4,NA
2200,5,NA
2200,6,NA
2200,7,NA
2200,8,NA
2200,9,NA
2200,10,NA
2200,11,NA
2200,12,NA
2201,1,NA
2201,2,NA
2201,3,NA
2201,4,NA
2201,5,NA
2201,6,NA
2201,7,NA
2201,8,NA
2201,9,NA
2201,10,NA
2201,11,NA
2201,12,NA
2202,1,NA
2202,2,NA
2202,3,NA
2202,4,NA
2202,5,NA
2202,6,NA
2202,7,NA
2202,8,NA
2202,9,NA
2202,10,NA
2202,11,NA
2202,12,NA
2203,1,NA
2203,2,NA
2203,3,NA
2203,4,NA
2203,5,NA
2203,6,NA
2203,7,NA
2203,8,NA
2203,9,NA
2203,10,NA
2203,11,NA
2203,12,NA
2204,1,NA
2204,2,NA
2204,3,NA
2204,4,NA
2204,5,NA
2204,6,NA
2204,7,NA
2204,8,NA
2204,9,NA
2204,10,NA
2204,11,NA
2204,12,NA
2205,1,NA
2205,2,NA
2205,3,NA
2205,4,NA
2205,5,NA
2205,6,NA
2205,7,NA
2205,8,NA
2205,9,NA
2205,10,NA
2205,11,NA
2205,12,NA
2206,1,NA
2206,2,NA
2206,3,NA
2206,4,NA
2206,5,NA
2206,6,NA
2206,7,NA
2206,8,NA
2206,9,NA
2206,10,NA
2206,11,NA
2206,12,NA
2207,1,NA
2207,2,NA
2207,3,NA
2207,4,NA
2207,5,NA
2207,6,NA
2207,7,NA
2207,8,NA
2207,9,NA
2207,10,NA
2207,11,NA
2207,12,NA
2208,1,NA
2208,2,NA
2208,3,NA
2208,4,NA
2208,5,NA
2208,6,NA
2208,7,NA
2208,8,NA
2208,9,NA
2208,10,NA
2208,11,NA
2208,12,NA
2209,1,NA
2209,2,NA
2209,3,NA
2209,4,NA
2209,5,NA
2209,6,NA
2209,7,NA
2209,8,NA
2209,9,NA
2209,10,NA
2209,11,NA
2209,12,NA
2210,1,NA
2210,2,NA
2210,3,NA
2210,4,NA
2210,5,NA
2210,6,NA
2210,7,NA
2210,8,NA
2210,9,NA
2210,10,NA
2210,11,NA
2210,12,NA
2211,1,NA
2211,2,NA
2211,3,NA
2211,4,NA
2211,5,NA
2211,6,NA
2211,7,NA
2211,8,NA
2211,9,NA
2211,10,NA
2211,11,NA
2211,12,NA
2212,1,NA
2212,2,NA
2212,3,NA
2212,4,NA
2212,5,NA
2212,6,NA
2212,7,NA
2212,8,NA
2212,9,NA
2212,10,NA
2212,11,NA
2212,12,NA
2213,1,NA
2213,2,NA
2213,3,NA
2213,4,NA
2213,5,NA
2213,6,NA
2213,7,NA
2213,8,NA
2213,9,NA
2213,10,NA
2213,11,NA
2213,12,NA
2214,1,NA
2214,2,NA
2214,3,NA
2214,4,NA
2214,5,NA
2214,6,NA
2214,7,NA
2214,8,NA
2214,9,NA
2214,10,NA
2214,11,NA
2214,12,NA
2215,1,NA
2215,2,NA
2215,3,NA
2215,4,NA
2215,5,NA
2215,6,NA
2215,7,NA
2215,8,NA
2215,9,NA
2215,10,NA
2215,11,NA
2215,12,NA
2216,1,NA
2216,2,NA
2216,3,NA
2216,4,NA
2216,5,NA
2216,6,NA
2216,7,NA
2216,8,NA
2216,9,NA
2216,10,NA
2216,11,NA
2216,12,NA
2217,1,NA
2217,2,NA
2217,3,NA
2217,4,NA
2217,5,NA
2217,6,NA
2217,7,NA
2217,8,NA
2217,9,NA
2217,10,NA
2217,11,NA
2217,12,NA
2218,1,NA
2218,2,NA
2218,3,NA
2218,4,NA
2218,5,NA
2218,6,NA
2218,7,NA
2218,8,NA
2218,9,NA
2218,10,NA
2218,11,NA
2218,12,NA
2219,1,NA
2219,2,NA
2219,3,NA
2219,4,NA
2219,5,NA
2219,6,NA
2219,7,NA
2219,8,NA
2219,9,NA
2219,10,NA
2219,11,NA
2219,12,NA
2220,1,NA
2220,2,NA
2220,3,NA
2220,4,NA
2220,5,NA
2220,6,NA
2220,7,NA
2220,8,NA
2220,9,NA
2220,10,NA
2220,11,NA
2220,12,NA
2221,1,NA
2221,2,NA
2221,3,NA
2221,4,NA
2221,5,NA
2221,6,NA
2221,7,NA
2221,8,NA
2221,9,NA
2221,10,NA
2221,11,NA
2221,12,NA
2222,1,NA
2222,2,NA
2222,3,NA
2222,4,NA
2222,5,NA
2222,6,NA
2222,7,NA
2222,8,NA
2222,9,NA
2222,10,NA
2222,11,NA
2222,12,NA
2223,1,NA
2223,2,NA
2223,3,NA
2223,4,NA
2223,5,NA
2223,6,NA
2223,7,NA
2223,8,NA
2223,9,NA
2223,10,NA
2223,11,NA
2223,12,NA
2224,1,NA
2224,2,NA
2224,3,NA
2224,4,NA
2224,5,NA
2224,6,NA
2224,7,NA
2224,8,NA
2224,9,NA
2224,10,NA
2224,11,NA
2224,12,NA
2225,1,NA
2225,2,NA
2225,3,NA
2225,4,NA
2225,5,NA
2225,6,NA
2225,7,NA
2225,8,NA
2225,9,NA
2225,10,NA
2225,11,NA
2225,12,NA
2226,1,NA
2226,2,NA
2226,3,NA
2226,4,NA
2226,5,NA
2226,6,NA
2226,7,NA
2226,8,NA
2226,9,NA
2226,10,NA
2226,11,NA
2226,12,NA
2227,1,NA
2227,2,NA
2227,3,NA
2227,4,NA
2227,5,NA
2227,6,NA
2227,7,NA
2227,8,NA
2227,9,NA
2227,10,NA
2227,11,NA
2227,12,NA
2228,1,NA
2228,2,NA
2228,3,NA
2228,4,NA
2228,5,NA
2228,6,NA
2228,7,NA
2228,8,NA
2228,9,NA
2228,10,NA
2228,11,NA
2228,12,NA
2229,1,NA
2229,2,NA
2229,3,NA
2229,4,NA
2229,5,NA
2229,6,NA
2229,7,NA
2229,8,NA
2229,9,NA
2229,10,NA
2229,11,NA
2229,12,NA
2230,1,NA
2230,2,NA
2230,3,NA
2230,4,NA
2230,5,NA
2230,6,NA
2230,7,NA
2230,8,NA
2230,9,NA
2230,10,NA
2230,11,NA
2230,12,NA
2231,1,NA
2231,2,NA
2231,3,NA
2231,4,NA
2231,5,NA
2231,6,NA
2231,7,NA
2231,8,NA
2231,9,NA
2231,10,NA
2231,11,NA
2231,12,NA
2232,1,NA
2232,2,NA
2232,3,NA
2232,4,NA
2232,5,NA
2232,6,NA
2232,7,NA
2232,8,NA
2232,9,NA
2232,10,NA
2232,11,NA
2232,12,NA
2233,1,NA
2233,2,NA
2233,3,NA
2233,4,NA
2233,5,NA
2233,6,NA
2233,7,NA
2233,8,NA
2233,9,NA
2233,10,NA
2233,11,NA
2233,12,NA
2234,1,NA
2234,2,NA
2234,3,NA
2234,4,NA
2234,5,NA
2234,6,NA
2234,7,NA
2234,8,NA
2234,9,NA
2234,10,NA
2234,11,NA
2234,12,NA
2235,1,NA
2235,2,NA
2235,3,NA
2235,4,NA
2235,5,NA
2235,6,NA
2235,7,NA
2235,8,NA
2235,9,NA
2235,10,NA
2235,11,NA
2235,12,NA
2236,1,NA
2236,2,NA
2236,3,NA
2236,4,NA
2236,5,NA
2236,6,NA
2236,7,NA
2236,8,NA
2236,9,NA
2236,10,NA
2236,11,NA
2236,12,NA
2237,1,NA
2237,2,NA
2237,3,NA
2237,4,NA
2237,5,NA
2237,6,NA
2237,7,NA
2237,8,NA
2237,9,NA
2237,10,NA
2237,11,NA
2237,12,NA
2238,1,NA
2238,2,NA
2238,3,NA
2238,4,NA
2238,5,NA
2238,6,NA
2238,7,NA
2238,8,NA
2238,9,NA
2238,10,NA
2238,11,NA
2238,12,NA
2239,1,NA
2239,2,NA
2239,3,NA
2239,4,NA
2239,5,NA
2239,6,NA
2239,7,NA
2239,8,NA
2239,9,NA
2239,10,NA
2239,11,NA
2239,12,NA
2240,1,NA
2240,2,NA
2240,3,NA
2240,4,NA
2240,5,NA
2240,6,NA
2240,7,NA
2240,8,NA
2240,9,NA
2240,10,NA
2240,11,NA
2240,12,NA
2241,1,NA
2241,2,NA
2241,3,NA
2241,4,NA
2241,5,NA
2241,6,NA
2241,7,NA
2241,8,NA
2241,9,NA
2241,10,NA
2241,11,NA
2241,12,NA
2242,1,NA
2242,2,NA
2242,3,NA
2242,4,NA
2242,5,NA
2242,6,NA
2242,7,NA
2242,8,NA
2242,9,NA
2242,10,NA
2242,11,NA
2242,12,NA
2243,1,NA
2243,2,NA
2243,3,NA
2243,4,NA
2243,5,NA
2243,6,NA
2243,7,NA
2243,8,NA
2243,9,NA
2243,10,NA
2243,11,NA
2243,12,NA
2244,1,NA
2244,2,NA
2244,3,NA
2244,4,NA
2244,5,NA
2244,6,NA
2244,7,NA
2244,8,NA
2244,9,NA
2244,10,NA
2244,11,NA
2244,12,NA
2245,1,NA
2245,2,NA
2245,3,NA
2245,4,NA
2245,5,NA
2245,6,NA
2245,7,NA
2245,8,NA
2245,9,NA
2245,10,NA
2245,11,NA
2245,12,NA
2246,1,NA
2246,2,NA
2246,3,NA
2246,4,NA
2246,5,NA
2246,6,NA
2246,7,NA
2246,8,NA
2246,9,NA
2246,10,NA
2246,11,NA
2246,12,NA
2247,1,NA
2247,2,NA
2247,3,NA
2247,4,NA
2247,5,NA
2247,6,NA
2247,7,NA
2247,8,NA
2247,9,NA
2247,10,NA
2247,11,NA
2247,12,NA
2248,1,NA
2248,2,NA
2248,3,NA
2248,4,NA
2248,5,NA
2248,6,NA
2248,7,NA
2248,8,NA
2248,9,NA
2248,10,NA
2248,11,NA
2248,12,NA
2249,1,NA
2249,2,NA
2249,3,NA
2249,4,NA
2249,5,NA
2249,6,NA
2249,7,NA
2249,8,NA
2249,9,NA
2249,10,NA
2249,11,NA
2249,12,NA
2250,1,NA
2250,2,NA
2250,3,NA
2250,4,NA
2250,5,NA
2250,6,NA
2250,7,NA
2250,8,NA
2250,9,NA
2250,10,NA
2250,11,NA
2250,12,NA
2251,1,NA
2251,2,NA
2251,3,NA
2251,4,NA
2251,5,NA
2251,6,NA
2251,7,NA
2251,8,NA
2251,9,NA
2251,10,NA
2251,11,NA
2251,12,NA
2252,1,NA
2252,2,NA
2252,3,NA
2252,4,NA
2252,5,NA
2252,6,NA
2252,7,NA
2252,8,NA
2252,9,NA
2252,10,NA
2252,11,NA
2252,12,NA
2253,1,NA
2253,2,NA
2253,3,NA
2253,4,NA
2253,5,NA
2253,6,NA
2253,7,NA
2253,8,NA
2253,9,NA
2253,10,NA
2253,11,NA
2253,12,NA
2254,1,NA
2254,2,NA
2254,3,NA
2254,4,NA
2254,5,NA
2254,6,NA
2254,7,NA
2254,8,NA
2254,9,NA
2254,10,NA
2254,11,NA
2254,12,NA
2255,1,NA
2255,2,NA
2255,3,NA
2255,4,NA
2255,5,NA
2255,6,NA
2255,7,NA
2255,8,NA
2255,9,NA
2255,10,NA
2255,11,NA
2255,12,NA
2256,1,NA
2256,2,NA
2256,3,NA
2256,4,NA
2256,5,NA
2256,6,NA
2256,7,NA
2256,8,NA
2256,9,NA
2256,10,NA
2256,11,NA
2256,12,NA
2257,1,NA
2257,2,NA
2257,3,NA
2257,4,NA
2257,5,NA
2257,6,NA
2257,7,NA
2257,8,NA
2257,9,NA
2257,10,NA
2257,11,NA
2257,12,NA
2258,1,NA
2258,2,NA
2258,3,NA
2258,4,NA
2258,5,NA
2258,6,NA
2258,7,NA
2258,8,NA
2258,9,NA
2258,10,NA
2258,11,NA
2258,12,NA
2259,1,NA
2259,2,NA
2259,3,NA
2259,4,NA
2259,5,NA
2259,6,NA
2259,7,NA
2259,8,NA
2259,9,NA
2259,10,NA
2259,11,NA
2259,12,NA
2260,1,NA
2260,2,NA
2260,3,NA
2260,4,NA
2260,5,NA
2260,6,NA
2260,7,NA
2260,8,NA
2260,9,NA
2260,10,NA
2260,11,NA
2260,12,NA
2261,1,NA
2261,2,NA
2261,3,NA
2261,4,NA
2261,5,NA
2261,6,NA
2261,7,NA
2261,8,NA
2261,9,NA
2261,10,NA
2261,11,NA
2261,12,NA
2262,1,NA
2262,2,NA
2262,3,NA
2262,4,NA
2262,5,NA
2262,6,NA
2262,7,NA
2262,8,NA
2262,9,NA
2262,10,NA
2262,11,NA
2262,12,NA
2263,1,NA
2263,2,NA
2263,3,NA
2263,4,NA
2263,5,NA
2263,6,NA
2263,7,NA
2263,8,NA
2263,9,NA
2263,10,NA
2263,11,NA
2263,12,NA
2264,1,NA
2264,2,NA
2264,3,NA
2264,4,NA
2264,5,NA
2264,6,NA
2264,7,NA
2264,8,NA
2264,9,NA
2264,10,NA
2264,11,NA
2264,12,NA
2265,1,NA
2265,2,NA
2265,3,NA
2265,4,NA
2265,5,NA
2265,6,NA
2265,7,NA
2265,8,NA
2265,9,NA
2265,10,NA
2265,11,NA
2265,12,NA
2266,1,NA
2266,2,NA
2266,3,NA
2266,4,NA
2266,5,NA
2266,6,NA
2266,7,NA
2266,8,NA
2266,9,NA
2266,10,NA
2266,11,NA
2266,12,NA
2267,1,NA
2267,2,NA
2267,3,NA
2267,4,NA
2267,5,NA
2267,6,NA
2267,7,NA
2267,8,NA
2267,9,NA
2267,10,NA
2267,11,NA
2267,12,NA
2268,1,NA
2268,2,NA
2268,3,NA
2268,4,NA
2268,5,NA
2268,6,NA
2268,7,NA
2268,8,NA
2268,9,NA
2268,10,NA
2268,11,NA
2268,12,NA
2269,1,NA
2269,2,NA
2269,3,NA
2269,4,NA
2269,5,NA
2269,6,NA
2269,7,NA
2269,8,NA
2269,9,NA
2269,10,NA
2269,11,NA
2269,12,NA
2270,1,NA
2270,2,NA
2270,3,NA
2270,4,NA
2270,5,NA
2270,6,NA
2270,7,NA
2270,8,NA
2270,9,NA
2270,10,NA
2270,11,NA
2270,12,NA
2271,1,NA
2271,2,NA
2271,3,NA
2271,4,NA
2271,5,NA
2271,6,NA
2271,7,NA
2271,8,NA
2271,9,NA
2271,10,NA
2271,11,NA
2271,12,NA
2272,1,NA
2272,2,NA
2272,3,NA
2272,4,NA
2272,5,NA
2272,6,NA
2272,7,NA
2272,8,NA
2272,9,NA
2272,10,NA
2272,11,NA
2272,12,NA
2273,1,NA
2273,2,NA
2273,3,NA
2273,4,NA
2273,5,NA
2273,6,NA
2273,7,NA
2273,8,NA
2273,9,NA
2273,10,NA
2273,11,NA
2273,12,NA
2274,1,NA
2274,2,NA
2274,3,NA
2274,4,NA
2274,5,NA
2274,6,NA
2274,7,NA
2274,8,NA
2274,9,NA
2274,10,NA
2274,11,NA
2274,12,NA
2275,1,NA
2275,2,NA
2275,3,NA
2275,4,NA
2275,5,NA
2275,6,NA
2275,7,NA
2275,8,NA
2275,9,NA
2275,10,NA
2275,11,NA
2275,12,NA
2276,1,NA
2276,2,NA
2276,3,NA
2276,4,NA
2276,5,NA
2276,6,NA
2276,7,NA
2276,8,NA
2276,9,NA
2276,10,NA
2276,11,NA
2276,12,NA
2277,1,NA
2277,2,NA
2277,3,NA
2277,4,NA
2277,5,NA
2277,6,NA
2277,7,NA
2277,8,NA
2277,9,NA
2277,10,NA
2277,11,NA
2277,12,NA
2278,1,NA
2278,2,NA
2278,3,NA
2278,4,NA
2278,5,NA
2278,6,NA
2278,7,NA
2278,8,NA
2278,9,NA
2278,10,NA
2278,11,NA
2278,12,NA
2279,1,NA
2279,2,NA
2279,3,NA
2279,4,NA
2279,5,NA
2279,6,NA
2279,7,NA
2279,8,NA
2279,9,NA
2279,10,NA
2279,11,NA
2279,12,NA
2280,1,NA
2280,2,NA
2280,3,NA
2280,4,NA
2280,5,NA
2280,6,NA
2280,7,NA
2280,8,NA
2280,9,NA
2280,10,NA
2280,11,NA
2280,12,NA
2281,1,NA
2281,2,NA
2281,3,NA
2281,4,NA
2281,5,NA
2281,6,NA
2281,7,NA
2281,8,NA
2281,9,NA
2281,10,NA
2281,11,NA
2281,12,NA
2282,1,NA
2282,2,NA
2282,3,NA
2282,4,NA
2282,5,NA
2282,6,NA
2282,7,NA
2282,8,NA
2282,9,NA
2282,10,NA
2282,11,NA
2282,12,NA
2283,1,NA
2283,2,NA
2283,3,NA
2283,4,NA
2283,5,NA
2283,6,NA
2283,7,NA
2283,8,NA
2283,9,NA
2283,10,NA
2283,11,NA
2283,12,NA
2284,1,NA
2284,2,NA
2284,3,NA
2284,4,NA
2284,5,NA
2284,6,NA
2284,7,NA
2284,8,NA
2284,9,NA
2284,10,NA
2284,11,NA
2284,12,NA
2285,1,NA
2285,2,NA
2285,3,NA
2285,4,NA
2285,5,NA
2285,6,NA
2285,7,NA
2285,8,NA
2285,9,NA
2285,10,NA
2285,11,NA
2285,12,NA
2286,1,NA
2286,2,NA
2286,3,NA
2286,4,NA
2286,5,NA
2286,6,NA
2286,7,NA
2286,8,NA
2286,9,NA
2286,10,NA
2286,11,NA
2286,12,NA
2287,1,NA
2287,2,NA
2287,3,NA
2287,4,NA
2287,5,NA
2287,6,NA
2287,7,NA
2287,8,NA
2287,9,NA
2287,10,NA
2287,11,NA
2287,12,NA
2288,1,NA
2288,2,NA
2288,3,NA
2288,4,NA
2288,5,NA
2288,6,NA
2288,7,NA
2288,8,NA
2288,9,NA
2288,10,NA
2288,11,NA
2288,12,NA
2289,1,NA
2289,2,NA
2289,3,NA
2289,4,NA
2289,5,NA
2289,6,NA
2289,7,NA
2289,8,NA
2289,9,NA
2289,10,NA
2289,11,NA
2289,12,NA
2290,1,NA
2290,2,NA
2290,3,NA
2290,4,NA
2290,5,NA
2290,6,NA
2290,7,NA
2290,8,NA
2290,9,NA
2290,10,NA
2290,11,NA
2290,12,NA
2291,1,NA
2291,2,NA
2291,3,NA
2291,4,NA
2291,5,NA
2291,6,NA
2291,7,NA
2291,8,NA
2291,9,NA
2291,10,NA
2291,11,NA
2291,12,NA
2292,1,NA
2292,2,NA
2292,3,NA
2292,4,NA
2292,5,NA
2292,6,NA
2292,7,NA
2292,8,NA
2292,9,NA
2292,10,NA
2292,11,NA
2292,12,NA
2293,1,NA
2293,2,NA
2293,3,NA
2293,4,NA
2293,5,NA
2293,6,NA
2293,7,NA
2293,8,NA
2293,9,NA
2293,10,NA
2293,11,NA
2293,12,NA
2294,1,NA
2294,2,NA
2294,3,NA
2294,4,NA
2294,5,NA
2294,6,NA
2294,7,NA
2294,8,NA
2294,9,NA
2294,10,NA
2294,11,NA
2294,12,NA
2295,1,NA
2295,2,NA
2295,3,NA
2295,4,NA
2295,5,NA
2295,6,NA
2295,7,NA
2295,8,NA
2295,9,NA
2295,10,NA
2295,11,NA
2295,12,NA
2296,1,NA
2296,2,NA
2296,3,NA
2296,4,NA
2296,5,NA
2296,6,NA
2296,7,NA
2296,8,NA
2296,9,NA
2296,10,NA
2296,11,NA
2296,12,NA
2297,1,NA
2297,2,NA
2297,3,NA
2297,4,NA
2297,5,NA
2297,6,NA
2297,7,NA
2297,8,NA
2297,9,NA
2297,10,NA
2297,11,NA
2297,12,NA
2298,1,NA
2298,2,NA
2298,3,NA
2298,4,NA
2298,5,NA
2298,6,NA
2298,7,NA
2298,8,NA
2298,9,NA
2298,10,NA
2298,11,NA
2298,12,NA
2299,1,NA
2299,2,NA
2299,3,NA
2299,4,NA
2299,5,NA
2299,6,NA
2299,7,NA
2299,8,NA
2299,9,NA
2299,10,NA
2299,11,NA
2299,12,NA
2300,1,NA
2300,2,NA
2300,3,NA
2300,4,NA
2300,5,NA
2300,6,NA
2300,7,NA
2300,8,NA
2300,9,NA
2300,10,NA
2300,11,NA
2300,12,NA
2301,1,NA
2301,2,NA
2301,3,NA
2301,4,NA
2301,5,NA
2301,6,NA
2301,7,NA
2301,8,NA
2301,9,NA
2301,10,NA
2301,11,NA
2301,12,NA
2302,1,NA
2302,2,NA
2302,3,NA
2302,4,NA
2302,5,NA
2302,6,NA
2302,7,NA
2302,8,NA
2302,9,NA
2302,10,NA
2302,11,NA
2302,12,NA
2303,1,NA
2303,2,NA
2303,3,NA
2303,4,NA
2303,5,NA
2303,6,NA
2303,7,NA
2303,8,NA
2303,9,NA
2303,10,NA
2303,11,NA
2303,12,NA
2304,1,NA
2304,2,NA
2304,3,NA
2304,4,NA
2304,5,NA
2304,6,NA
2304,7,NA
2304,8,NA
2304,9,NA
2304,10,NA
2304,11,NA
2304,12,NA
2305,1,NA
2305,2,NA
2305,3,NA
2305,4,NA
2305,5,NA
2305,6,NA
2305,7,NA
2305,8,NA
2305,9,NA
2305,10,NA
2305,11,NA
2305,12,NA
2306,1,NA
2306,2,NA
2306,3,NA
2306,4,NA
2306,5,NA
2306,6,NA
2306,7,NA
2306,8,NA
2306,9,NA
2306,10,NA
2306,11,NA
2306,12,NA
2307,1,NA
2307,2,NA
2307,3,NA
2307,4,NA
2307,5,NA
2307,6,NA
2307,7,NA
2307,8,NA
2307,9,NA
2307,10,NA
2307,11,NA
2307,12,NA
2308,1,NA
2308,2,NA
2308,3,NA
2308,4,NA
2308,5,NA
2308,6,NA
2308,7,NA
2308,8,NA
2308,9,NA
2308,10,NA
2308,11,NA
2308,12,NA
2309,1,NA
2309,2,NA
2309,3,NA
2309,4,NA
2309,5,NA
2309,6,NA
2309,7,NA
2309,8,NA
2309,9,NA
2309,10,NA
2309,11,NA
2309,12,NA
2310,1,NA
2310,2,NA
2310,3,NA
2310,4,NA
2310,5,NA
2310,6,NA
2310,7,NA
2310,8,NA
2310,9,NA
2310,10,NA
2310,11,NA
2310,12,NA
2311,1,NA
2311,2,NA
2311,3,NA
2311,4,NA
2311,5,NA
2311,6,NA
2311,7,NA
2311,8,NA
2311,9,NA
2311,10,NA
2311,11,NA
2311,12,NA
2312,1,NA
2312,2,NA
2312,3,NA
2312,4,NA
2312,5,NA
2312,6,NA
2312,7,NA
2312,8,NA
2312,9,NA
2312,10,NA
2312,11,NA
2312,12,NA
2313,1,NA
2313,2,NA
2313,3,NA
2313,4,NA
2313,5,NA
2313,6,NA
2313,7,NA
2313,8,NA
2313,9,NA
2313,10,NA
2313,11,NA
2313,12,NA
2314,1,NA
2314,2,NA
2314,3,NA
2314,4,NA
2314,5,NA
2314,6,NA
2314,7,NA
2314,8,NA
2314,9,NA
2314,10,NA
2314,11,NA
2314,12,NA
2315,1,NA
2315,2,NA
2315,3,NA
2315,4,NA
2315,5,NA
2315,6,NA
2315,7,NA
2315,8,NA
2315,9,NA
2315,10,NA
2315,11,NA
2315,12,NA
2316,1,NA
2316,2,NA
2316,3,NA
2316,4,NA
2316,5,NA
2316,6,NA
2316,7,NA
2316,8,NA
2316,9,NA
2316,10,NA
2316,11,NA
2316,12,NA
2317,1,NA
2317,2,NA
2317,3,NA
2317,4,NA
2317,5,NA
2317,6,NA
2317,7,NA
2317,8,NA
2317,9,NA
2317,10,NA
2317,11,NA
2317,12,NA
2318,1,NA
2318,2,NA
2318,3,NA
2318,4,NA
2318,5,NA
2318,6,NA
2318,7,NA
2318,8,NA
2318,9,NA
2318,10,NA
2318,11,NA
2318,12,NA
2319,1,NA
2319,2,NA
2319,3,NA
2319,4,NA
2319,5,NA
2319,6,NA
2319,7,NA
2319,8,NA
2319,9,NA
2319,10,NA
2319,11,NA
2319,12,NA
2320,1,NA
2320,2,NA
2320,3,NA
2320,4,NA
2320,5,NA
2320,6,NA
2320,7,NA
2320,8,NA
2320,9,NA
2320,10,NA
2320,11,NA
2320,12,NA
2321,1,NA
2321,2,NA
2321,3,NA
2321,4,NA
2321,5,NA
2321,6,NA
2321,7,NA
2321,8,NA
2321,9,NA
2321,10,NA
2321,11,NA
2321,12,NA
2322,1,NA
2322,2,NA
2322,3,NA
2322,4,NA
2322,5,NA
2322,6,NA
2322,7,NA
2322,8,NA
2322,9,NA
2322,10,NA
2322,11,NA
2322,12,NA
2323,1,NA
2323,2,NA
2323,3,NA
2323,4,NA
2323,5,NA
2323,6,NA
2323,7,NA
2323,8,NA
2323,9,NA
2323,10,NA
2323,11,NA
2323,12,NA
2324,1,NA
2324,2,NA
2324,3,NA
2324,4,NA
2324,5,NA
2324,6,NA
2324,7,NA
2324,8,NA
2324,9,NA
2324,10,NA
2324,11,NA
2324,12,NA
2325,1,NA
2325,2,NA
2325,3,NA
2325,4,NA
2325,5,NA
2325,6,NA
2325,7,NA
2325,8,NA
2325,9,NA
2325,10,NA
2325,11,NA
2325,12,NA
2326,1,NA
2326,2,NA
2326,3,NA
2326,4,NA
2326,5,NA
2326,6,NA
2326,7,NA
2326,8,NA
2326,9,NA
2326,10,NA
2326,11,NA
2326,12,NA
2327,1,NA
2327,2,NA
2327,3,NA
2327,4,NA
2327,5,NA
2327,6,NA
2327,7,NA
2327,8,NA
2327,9,NA
2327,10,NA
2327,11,NA
2327,12,NA
2328,1,NA
2328,2,NA
2328,3,NA
2328,4,NA
2328,5,NA
2328,6,NA
2328,7,NA
2328,8,NA
2328,9,NA
2328,10,NA
2328,11,NA
2328,12,NA
2329,1,NA
2329,2,NA
2329,3,NA
2329,4,NA
2329,5,NA
2329,6,NA
2329,7,NA
2329,8,NA
2329,9,NA
2329,10,NA
2329,11,NA
2329,12,NA
2330,1,NA
2330,2,NA
2330,3,NA
2330,4,NA
2330,5,NA
2330,6,NA
2330,7,NA
2330,8,NA
2330,9,NA
2330,10,NA
2330,11,NA
2330,12,NA
2331,1,NA
2331,2,NA
2331,3,NA
2331,4,NA
2331,5,NA
2331,6,NA
2331,7,NA
2331,8,NA
2331,9,NA
2331,10,NA
2331,11,NA
2331,12,NA
2332,1,NA
2332,2,NA
2332,3,NA
2332,4,NA
2332,5,NA
2332,6,NA
2332,7,NA
2332,8,NA
2332,9,NA
2332,10,NA
2332,11,NA
2332,12,NA
2333,1,NA
2333,2,NA
2333,3,NA
2333,4,NA
2333,5,NA
2333,6,NA
2333,7,NA
2333,8,NA
2333,9,NA
2333,10,NA
2333,11,NA
2333,12,NA
2334,1,NA
2334,2,NA
2334,3,NA
2334,4,NA
2334,5,NA
2334,6,NA
2334,7,NA
2334,8,NA
2334,9,NA
2334,10,NA
2334,11,NA
2334,12,NA
2335,1,NA
2335,2,NA
2335,3,NA
2335,4,NA
2335,5,NA
2335,6,NA
2335,7,NA
2335,8,NA
2335,9,NA
2335,10,NA
2335,11,NA
2335,12,NA
2336,1,NA
2336,2,NA
2336,3,NA
2336,4,NA
2336,5,NA
2336,6,NA
2336,7,NA
2336,8,NA
2336,9,NA
2336,10,NA
2336,11,NA
2336,12,NA
2337,1,NA
2337,2,NA
2337,3,NA
2337,4,NA
2337,5,NA
2337,6,NA
2337,7,NA
2337,8,NA
2337,9,NA
2337,10,NA
2337,11,NA
2337,12,NA
2338,1,NA
2338,2,NA
2338,3,NA
2338,4,NA
2338,5,NA
2338,6,NA
2338,7,NA
2338,8,NA
2338,9,NA
2338,10,NA
2338,11,NA
2338,12,NA
2339,1,NA
2339,2,NA
2339,3,NA
2339,4,NA
2339,5,NA
2339,6,NA
2339,7,NA
2339,8,NA
2339,9,NA
2339,10,NA
2339,11,NA
2339,12,NA
2340,1,NA
2340,2,NA
2340,3,NA
2340,4,NA
2340,5,NA
2340,6,NA
2340,7,NA
2340,8,NA
2340,9,NA
2340,10,NA
2340,11,NA
2340,12,NA
2341,1,NA
2341,2,NA
2341,3,NA
2341,4,NA
2341,5,NA
2341,6,NA
2341,7,NA
2341,8,NA
2341,9,NA
2341,10,NA
2341,11,NA
2341,12,NA
2342,1,NA
2342,2,NA
2342,3,NA
2342,4,NA
2342,5,NA
2342,6,NA
2342,7,NA
2342,8,NA
2342,9,NA
2342,10,NA
2342,11,NA
2342,12,NA
2343,1,NA
2343,2,NA
2343,3,NA
2343,4,NA
2343,5,NA
2343,6,NA
2343,7,NA
2343,8,NA
2343,9,NA
2343,10,NA
2343,11,NA
2343,12,NA
2344,1,NA
2344,2,NA
2344,3,NA
2344,4,NA
2344,5,NA
2344,6,NA
2344,7,NA
2344,8,NA
2344,9,NA
2344,10,NA
2344,11,NA
2344,12,NA
2345,1,NA
2345,2,NA
2345,3,NA
2345,4,NA
2345,5,NA
2345,6,NA
2345,7,NA
2345,8,NA
2345,9,NA
2345,10,NA
2345,11,NA
2345,12,NA
2346,1,NA
2346,2,NA
2346,3,NA
2346,4,NA
2346,5,NA
2346,6,NA
2346,7,NA
2346,8,NA
2346,9,NA
2346,10,NA
2346,11,NA
2346,12,NA
2347,1,NA
2347,2,NA
2347,3,NA
2347,4,NA
2347,5,NA
2347,6,NA
2347,7,NA
2347,8,NA
2347,9,NA
2347,10,NA
2347,11,NA
2347,12,NA
2348,1,NA
2348,2,NA
2348,3,NA
2348,4,NA
2348,5,NA
2348,6,NA
2348,7,NA
2348,8,NA
2348,9,NA
2348,10,NA
2348,11,NA
2348,12,NA
2349,1,NA
2349,2,NA
2349,3,NA
2349,4,NA
2349,5,NA
2349,6,NA
2349,7,NA
2349,8,NA
2349,9,NA
2349,10,NA
2349,11,NA
2349,12,NA
