Year,Month,NW,CW,SW,NC,CC,SC,NE,CE,SE
2000,1,-26.34475573,-13.83393712,-2.77482018,-32.59184503,-21.97527957,-8.002338841,-27.18849828,-22.18877781,-9.590930268
2000,2,-20.75311945,-7.623931653,0.45719148,-29.80422656,-13.83611077,-2.862108303,-26.7119528,-19.61789027,-7.10932213
2000,3,-16.78335833,-1.774906741,3.165226799,-24.28331614,-5.713895999,3.285116609,-21.51289547,-10.00542821,-0.341567653
2000,4,-9.766987325,2.163939969,8.811280264,-18.4369337,-1.794921107,6.989479426,-13.00051957,-6.339786407,2.994278187
2000,5,0.063402061,6.223466604,11.90720667,-6.990702755,6.521302739,14.5672075,-7.412790482,1.644496841,9.728364295
2000,6,10.15746821,10.97106567,16.87325971,1.919293812,10.75011956,17.85616031,-0.907556356,7.073661026,14.52233147
2000,7,13.56577195,14.02252138,20.88853247,11.18663242,16.82161096,21.8085727,5.566000544,13.21164341,16.90348667
2000,8,8.234877273,11.99243623,21.18548249,7.800209788,15.03306861,21.82555876,4.61053326,12.70450885,17.1121214
2000,9,1.23527627,7.701396726,15.42538096,-1.11740519,7.691519052,16.05983119,-1.684398305,5.117749483,12.28066334
2000,10,-8.058305259,1.818080523,8.628924597,-10.57762788,2.024644733,10.02418151,-9.272988476,-1.911685014,6.581451562
2000,11,-17.37990163,-4.952313584,-1.321381058,-20.77111328,-9.223007425,-2.0423007,-13.38237049,-6.624986584,0.414389614
2000,12,-27.89250689,-13.3356412,-3.33630859,-30.66745856,-24.52027975,-12.04825862,-18.10092148,-16.49063097,-9.126857263
2001,1,-20.6255356,-6.269926744,-2.851952075,-31.26240934,-15.64306153,-6.396000578,-28.63869726,-22.50109625,-9.324640712
2001,2,-22.73674829,-10.33882516,-2.506059864,-31.48451468,-20.53330786,-9.060377883,-27.30313274,-21.26991964,-8.533344636
2001,3,-19.32615743,-3.035752473,4.018599355,-23.27654814,-8.445084176,-1.066334277,-18.88227956,-9.373184068,-4.07501446
2001,4,-7.88286363,2.728731681,6.341344705,-17.53668083,0.502591539,8.061365923,-14.79005921,-6.005641067,3.12735821
2001,5,-0.156449573,7.112405631,13.44449026,-5.5562469,9.20709316,14.7160441,-5.792836279,6.09540497,11.33086532
2001,6,8.942795516,10.86017398,15.83557659,3.084950505,13.04825568,18.91812236,-0.292407115,9.117729947,16.15029785
2001,7,13.01405038,13.74470273,20.65339937,11.46126071,17.5333612,22.48062191,6.843870634,12.60293351,17.08955628
2001,8,10.26704278,13.89835593,22.25394079,6.932343859,16.56880817,22.65477862,4.017003192,12.15412498,18.71204055
2001,9,4.547593158,9.018639919,17.58136412,1.566433166,10.19880103,16.43610697,-1.423284693,5.935142404,13.61109509
2001,10,-8.031983008,0.944574862,9.087854308,-10.30014685,0.338950921,8.571735889,-7.35170158,-0.233030559,7.54645792
2001,11,-18.32328637,-5.204438962,3.249335041,-20.7152041,-6.330265169,4.554977674,-15.65203067,-7.730147507,1.709853342
2001,12,-24.68469769,-12.506549,-3.375203699,-24.18726179,-15.42997249,-3.890075951,-17.7091536,-11.73703258,-2.74589951
2002,1,-25.68191368,-11.26790921,-3.082052844,-32.03961566,-20.95293235,-5.47716477,-26.41329389,-23.57169775,-7.061259743
2002,2,-25.53676331,-7.310726602,-1.122685154,-34.29483963,-16.10041516,-3.405246368,-30.53129845,-22.16418927,-6.772918225
2002,3,-20.44378529,-9.62872461,0.336670199,-28.81684272,-15.87336246,-4.438505481,-25.21084349,-16.33431994,-3.970182476
2002,4,-12.36102447,-0.680313574,7.008492569,-20.05841417,-4.369453976,6.38205978,-16.67425098,-6.524831977,3.405884348
2002,5,-0.818856097,5.765396109,10.96257335,-9.183547156,3.318213734,11.3693546,-7.272870206,-0.180548393,8.63879388
2002,6,9.62669869,12.52885968,17.07346816,2.937305269,13.82261579,20.11485996,0.23415663,7.650096527,14.30729265
2002,7,12.41250769,13.80925663,22.40850741,8.83736269,17.67540029,23.84847902,4.626973636,12.81354436,18.21488218
2002,8,8.122314055,12.49156412,19.89631909,6.820375547,14.90653838,21.09509724,4.024453731,11.36763512,18.25583214
2002,9,3.206571631,7.625450691,16.20744949,-0.223754931,8.981666079,17.54763054,-1.21855698,6.33673576,14.39033354
2002,10,-6.598037141,0.805058323,7.390424553,-9.99182081,-3.376795885,5.441521499,-6.940168424,-1.990474571,4.82487247
2002,11,-14.6968951,-3.441038396,2.605086771,-20.25679816,-11.16930501,-0.260133,-14.11987206,-10.79102908,-1.702204419
2002,12,-17.85763453,-7.710650509,-0.991037495,-24.48654379,-14.41808983,-4.273559035,-18.63724761,-16.17490217,-6.667505925
2003,1,-26.67177131,-10.49140036,0.453948022,-28.76708041,-20.737796,-8.533085555,-21.05297472,-20.35265453,-12.02634416
2003,2,-24.8848732,-9.036208729,-1.099022237,-36.09515626,-23.08126501,-9.071305145,-29.27379147,-23.46149468,-11.29137897
2003,3,-20.18038232,-6.022595204,3.724073515,-27.7671701,-12.84730887,-1.250205046,-22.6135693,-17.96174463,-4.998051722
2003,4,-6.783442048,2.931958597,6.698242687,-17.45767116,-1.669541655,7.357352802,-15.96270088,-8.337398409,1.181897476
2003,5,0.763706967,7.194323596,11.75337477,-5.938712365,8.782938481,13.28572536,-4.807128796,3.686014166,9.452187144
2003,6,8.385642727,11.64494932,17.44170459,1.812921188,13.73744224,17.99239888,0.199611111,8.475027345,15.20477352
2003,7,13.78714405,14.77605061,23.11239453,10.27552762,16.97506031,22.41688516,5.563677811,12.66880602,17.99379574
2003,8,9.657108548,13.59917143,22.14656657,7.085110512,17.35701347,23.07339547,3.989848513,12.14179438,18.03250497
2003,9,2.187180776,8.196018836,16.96693439,-0.051963465,9.211880169,15.95817045,-0.689985419,8.567960661,14.47263925
2003,10,-4.079636873,3.51287024,11.09984962,-7.971890963,1.558978432,9.731666929,-6.296687052,-0.443005743,6.492435161
2003,11,-18.90648509,-8.258331927,-0.696168468,-18.42318333,-10.93368707,-1.126037101,-13.13775896,-7.587837842,0.791199487
2003,12,-23.65374061,-9.463030632,-1.838338448,-27.22566551,-14.9260959,-4.218880125,-18.20744597,-14.18287828,-5.416754913
2004,1,-30.69067053,-15.02359933,-3.7634249,-36.90566682,-26.28571979,-11.08898399,-26.08871589,-21.41936491,-13.37307778
2004,2,-24.36940667,-6.264929844,-0.880703644,-31.81313847,-15.00233595,-5.816779149,-24.36744791,-18.30778651,-7.81054508
2004,3,-21.57829959,-2.409234548,5.728493461,-30.80058455,-10.35540021,1.847367002,-26.74798521,-13.82851208,-2.834548751
2004,4,-9.349020672,3.944076866,8.8659448,-19.88507252,-2.253758506,7.619981161,-15.94853572,-6.816027558,3.179714168
2004,5,-1.731600348,7.034524076,11.69048405,-10.93182971,2.763158589,12.72956078,-5.811429514,-0.181488183,9.772855997
2004,6,10.34886572,12.9515616,16.84471568,1.323809111,10.57182186,17.15159591,-0.15470904,7.353404777,13.68122249
2004,7,13.26502985,15.16484986,21.73693824,8.233362617,15.99126194,20.87995831,4.142865273,12.97415237,17.81297476
2004,8,9.479256817,13.39579374,21.10638346,5.248191765,12.19556637,18.70751031,3.22228895,10.6933493,17.10097453
2004,9,0.726348638,7.084224942,15.24084943,-1.055291956,9.206269143,17.60526653,-2.104549125,5.313644538,13.36075776
2004,10,-9.031881812,1.01553524,9.00417239,-11.6942273,0.222111345,9.258791145,-6.532828476,0.264980722,6.961783019
2004,11,-19.39888744,-4.284849134,1.905489157,-23.33740999,-7.96777713,2.091055993,-14.66065535,-8.506132962,-0.094637671
2004,12,-27.37052828,-10.37721017,-1.101119812,-33.96082358,-22.5937365,-5.710920294,-25.98234639,-20.39988357,-7.77082266
2005,1,-26.97819948,-14.00774713,-2.706578161,-34.31258484,-23.0705717,-9.465528345,-29.23773165,-25.09156284,-11.52984512
2005,2,-24.15969621,-6.870178598,0.044390249,-32.96274345,-16.67176496,-3.673984927,-24.01928197,-18.11558492,-7.12863831
2005,3,-16.28506731,-1.329911118,4.25022799,-25.57526805,-11.05629272,-0.654916815,-17.61777691,-12.69519816,-4.340564739
2005,4,-6.199501995,4.575438205,7.356424794,-14.35131298,2.528641598,8.728288338,-12.90455002,-3.424856942,4.202072574
2005,5,2.046493071,9.24443788,12.32742044,-8.821893895,7.076558188,12.49150247,-5.774202845,4.63867222,8.852066588
2005,6,8.878885614,11.81114468,14.97814188,2.681531801,13.44582646,20.20474627,0.671542228,9.745106343,16.77701799
2005,7,10.88758527,13.33843469,21.68911406,8.017325063,17.04452941,22.85771014,4.665853922,13.74184959,18.82346113
2005,8,9.445348646,12.69803631,21.21157923,7.196734646,14.70080657,21.35700178,3.819895229,11.49824434,18.20350346
2005,9,1.97841418,7.879941689,15.20141036,-1.603114476,9.162875469,18.10252927,-2.026196639,6.71154042,14.55475294
2005,10,-6.243068337,2.474885329,9.539790088,-8.366644573,2.268998557,9.89856779,-6.710138908,0.70400967,7.732810224
2005,11,-18.34278333,-4.079248967,1.648512442,-18.71212584,-8.002580565,1.632021439,-12.3858434,-7.941733522,0.807655505
2005,12,-19.16838942,-7.699444673,-3.216234058,-27.00669682,-15.34219253,-6.948456781,-20.51214281,-17.15860107,-6.817608245
2006,1,-26.67311886,-8.61579198,-0.58946558,-29.29802324,-14.76982691,-2.03908539,-26.7168411,-18.70897137,-5.139106849
2006,2,-19.23473372,-8.025961879,-1.661494537,-27.70928489,-17.71148508,-6.567471044,-23.091441,-19.06525218,-7.949007614
2006,3,-18.59923574,-5.096343257,1.766268961,-21.10498783,-7.901681096,0.033720097,-17.45927382,-8.585929793,-2.105798231
2006,4,-8.208342428,4.391972617,7.815426498,-15.01981728,3.651506258,9.721286185,-14.07561583,-2.094678869,4.823784847
2006,5,3.02021457,8.413856659,12.89655305,-4.256788753,7.885376593,14.54933379,-4.737500191,5.403532976,11.28622369
2006,6,11.51346464,12.98893278,17.84164906,5.197203567,15.06998076,19.81861579,0.501759856,10.22146048,16.48086903
2006,7,12.83161146,14.94868415,23.00493446,8.933687872,17.38308977,23.94173926,5.738820305,13.67994371,19.24672327
2006,8,10.83671424,12.80438129,20.59372273,8.526998173,15.63112036,21.69768621,4.595284573,10.72574428,16.56398511
2006,9,4.849238326,9.489822482,16.25320707,0.811791483,9.261359651,15.05653344,-0.789810446,6.002329401,12.70701864
2006,10,-5.6541337,1.430623204,8.375378325,-6.715953932,-0.062456442,7.061377765,-5.635606083,-0.267769442,6.267211829
2006,11,-23.26755615,-11.99131865,1.385197673,-20.94764308,-11.80466728,1.23032959,-13.60543854,-6.814198559,2.258392423
2006,12,-19.51962978,-7.734633495,-2.479768617,-23.96602494,-13.84262626,-3.294709438,-20.31528004,-14.08974293,-3.518196673
2007,1,-23.69824219,-9.375689857,-4.409805925,-30.31686538,-18.65149131,-7.285901064,-24.50979996,-19.13860021,-7.74343489
2007,2,-27.36681454,-10.63093608,-0.133583308,-29.94012372,-21.1399133,-9.717785913,-20.10934495,-19.08434417,-10.94398341
2007,3,-23.21583791,-4.666371628,5.296817897,-28.69798261,-10.38511735,2.46501834,-23.28254781,-15.52745448,-4.059620472
2007,4,-6.488622173,2.195002738,7.476900456,-15.57542132,-0.891079228,6.292762329,-14.90764254,-4.993666795,2.551720019
2007,5,0.483577712,7.570336739,12.77060578,-8.892692346,7.812677151,15.14750351,-9.238094753,0.722611476,10.11229052
2007,6,9.985035496,11.74685871,16.9152622,2.327814255,12.77698353,19.9080981,-0.218491804,9.41423114,15.6223126
2007,7,14.32095328,15.45784587,23.63409208,11.00620804,18.27956499,22.99407334,4.99183303,12.9291349,17.60588566
2007,8,9.285481313,12.18861405,21.1227308,6.408918212,13.97059559,21.87615204,4.551034318,10.8472287,16.99192019
2007,9,1.324866175,7.682172774,15.51444948,-1.996994455,7.624262676,17.10511211,-2.589142125,4.724446024,13.52944199
2007,10,-7.878975787,2.368687507,8.354438311,-8.420718413,2.42143459,10.90252676,-8.678319513,-0.191103707,8.676854237
2007,11,-18.20920332,-6.151458816,1.983389145,-23.36584578,-10.79992441,0.645668871,-15.78650307,-9.711851435,-0.773275714
2007,12,-25.33933984,-13.01862656,-3.797536939,-28.76497121,-20.36950652,-7.768589198,-23.55943832,-20.03854935,-8.111597788
2008,1,-27.46464408,-13.11400762,-5.157728135,-31.31787481,-19.99454138,-8.777791321,-26.29910853,-20.70218684,-7.509499531
2008,2,-26.55757195,-9.818851518,-0.635482954,-35.21366202,-21.03583983,-8.17354551,-29.01936977,-21.32812503,-8.176405317
2008,3,-20.73733744,-3.921219686,1.674492934,-30.97719496,-13.18769166,-1.76519315,-23.7754697,-16.40194309,-5.642931928
2008,4,-8.661834866,0.621721914,4.878665354,-17.42818825,-2.161750316,6.241997659,-13.68562493,-3.448042912,4.670158814
2008,5,2.871567432,8.401027774,11.77457139,-4.891972358,5.463375079,11.91337654,-3.562369575,3.336051815,9.01462061
2008,6,9.549398831,11.06326171,15.59933757,3.466318391,13.25236612,18.31012449,1.539421869,10.08053327,15.61027036
2008,7,12.69587188,13.53289276,21.21282023,10.44873161,16.3154469,21.89297534,6.525280573,13.98571971,18.76382651
2008,8,8.599399126,13.37806138,21.07059444,7.554847071,16.796106,21.2476064,4.245094566,12.96008101,16.97354727
2008,9,1.40757297,8.362572308,16.21961896,-1.626748445,8.247670614,16.27660296,-2.464965737,6.188456994,13.38089925
2008,10,-7.417174178,2.438228838,9.050931182,-7.566144764,2.354723632,8.813402194,-7.927983859,-0.157725326,6.138991625
2008,11,-16.51864282,-3.952117595,3.955072184,-19.65659719,-7.994943206,1.129375969,-15.80878751,-7.823092873,0.396666424
2008,12,-27.82061676,-16.37708586,-5.016544963,-30.70480368,-24.86881348,-10.16893268,-23.85685071,-19.93719845,-7.180116272
2009,1,-27.32298342,-12.92191586,-2.652767072,-29.69626488,-22.20363965,-10.85502866,-23.55985164,-22.99602124,-12.65912819
2009,2,-24.67964698,-10.24488135,-0.889110232,-30.85457346,-18.3304389,-5.848920485,-23.8565709,-17.61257296,-7.045271233
2009,3,-23.08270815,-7.226180029,1.371195827,-28.4452018,-13.24193269,-1.08435684,-22.95166497,-14.75392065,-3.649882484
2009,4,-7.833728171,2.066657845,6.630253659,-16.17845358,-0.961979054,6.276138557,-14.85088192,-5.429360718,4.126671754
2009,5,0.010762193,6.693723815,12.51669104,-10.19462756,3.288029586,13.00915528,-8.181990827,-0.110238261,9.593430576
2009,6,8.889523399,11.8026233,16.13017997,1.991045334,12.11928938,17.84922454,0.02472865,9.145904119,14.96180646
2009,7,12.1364384,14.8103714,21.56446087,8.991652525,14.55630235,19.6222689,7.243045101,13.30232652,16.85357004
2009,8,10.01846272,13.55486421,20.80450351,7.342707467,14.06662084,19.94513108,4.322048858,10.51162555,17.76931755
2009,9,4.032482437,10.33835515,18.15766407,0.995229495,12.58870322,17.86891005,-2.521244476,5.718854683,12.67869517
2009,10,-7.148038534,0.328712418,6.760923666,-11.09316479,-0.711455426,5.733998545,-9.475857181,-2.425816771,4.832686848
2009,11,-17.904949,-4.636159553,2.266266866,-18.87263681,-4.437822844,3.8493395,-15.69157571,-5.958860425,2.266023123
2009,12,-23.77393945,-15.01548139,-5.923279888,-25.2290234,-20.89143502,-9.323894366,-15.84744048,-13.80735859,-6.339072377
2010,1,-26.18343319,-10.67601036,-1.088222791,-28.83788538,-17.71371099,-8.780767635,-22.16535086,-16.87168126,-7.039811796
2010,2,-19.848195,-5.8530315,0.293226893,-25.86367893,-15.0713267,-7.687080125,-17.60582654,-10.9212638,-4.958306731
2010,3,-14.06509124,-0.185589353,3.799575393,-21.23814575,-3.676459244,2.688331501,-19.2524688,-10.26389726,0.005130382
2010,4,-2.184074214,4.199866904,6.418353349,-10.00863813,3.720303404,9.56237257,-10.57416105,-1.328502941,6.187945093
2010,5,1.921988019,7.358703694,9.264088873,-8.215029936,7.290984131,13.63825197,-4.612567015,3.035518905,11.5276721
2010,6,10.12853925,11.71101693,15.39473036,3.278300041,13.54616135,19.01442109,0.879659282,8.074941842,15.26987662
2010,7,13.61280545,14.30467397,20.62468284,10.5534111,17.66637334,22.52611021,6.210893115,13.39399208,19.44774695
2010,8,11.14395515,13.26893276,20.15030481,7.975437768,15.31774032,22.53559046,6.152015957,13.418393,18.09274188
2010,9,2.244970624,7.805997233,16.22648564,0.850855751,7.85092573,15.72356168,0.460577147,6.364939701,13.67176856
2010,10,-5.905787856,3.444264505,10.26248632,-6.018826976,2.814603455,10.47827623,-5.503745421,-0.09192652,6.635721904
2010,11,-15.52082679,-6.838235067,0.198813481,-15.86351581,-8.347598215,0.383911337,-8.302025417,-5.57292327,0.374262742
2010,12,-27.16286705,-13.45089348,-2.414644535,-22.78177041,-17.00240568,-7.869713042,-12.73719744,-8.819403592,-4.876702441
2011,1,-26.96024772,-12.38291316,-2.868718466,-29.82327395,-22.28871945,-10.48547388,-19.92115324,-17.38163848,-9.055914621
2011,2,-23.14637018,-11.05797302,-2.947262436,-31.43698811,-18.04030766,-7.919059174,-27.04732192,-20.39525738,-8.493228657
2011,3,-19.05212282,-6.507041581,2.320353759,-26.91389889,-13.27985361,-1.882725639,-23.61331005,-14.44315649,-3.632597637
2011,4,-10.79979892,1.395391941,4.735749106,-20.65735981,-1.338672843,6.130548098,-19.57668965,-7.554887604,3.296139408
2011,5,2.80965851,8.354520115,9.678565732,-7.744644134,6.929529939,12.68303016,-8.552274813,1.173687923,10.54612818
2011,6,8.928885632,11.58301023,14.81697621,2.85659132,13.82464424,18.56691845,0.457416069,8.859149054,15.06611978
2011,7,13.74438797,13.38817602,20.03243388,11.02630949,17.68788841,23.65333391,5.642233319,12.95983335,18.76843613
2011,8,10.53547871,12.86424423,21.63285624,8.376555976,16.1142888,22.09230614,4.307749871,12.41013291,17.60867452
2011,9,4.113917423,9.844774454,18.24570698,0.915908777,11.30672836,16.36306028,-1.809259789,6.429013082,14.34320755
2011,10,-5.451598165,2.62732341,9.303177679,-8.132664586,3.327675297,10.41343595,-8.297653142,0.183346148,7.640574785
2011,11,-21.95079032,-7.932868799,0.56500704,-17.90148937,-8.228249562,1.624577489,-13.50587091,-7.047201572,2.156414988
2011,12,-21.66745735,-7.1849775,-2.618876361,-27.0400953,-14.80134263,-3.889106981,-20.25334514,-16.98546938,-4.584950878
2012,1,-27.49875474,-10.90371296,-2.045134492,-32.32519652,-18.29066341,-5.066436441,-26.5739878,-21.49676801,-7.594485987
2012,2,-18.97921783,-6.423142751,-0.859780913,-26.69642387,-13.45183408,-3.653906397,-24.43592724,-18.82117031,-5.843760697
2012,3,-20.77999068,-3.492719566,3.405385978,-27.19543822,-5.843555271,6.638445294,-24.94669004,-12.61705794,0.377418099
2012,4,-7.51584644,3.085479822,8.23782912,-16.82252664,-0.127379508,8.538222298,-14.6298239,-5.300673194,4.247679781
2012,5,2.849886906,7.538409674,11.5505691,-4.947932627,7.427224408,15.16274208,-5.203135574,3.087926128,12.02941167
2012,6,11.21328906,11.46224348,15.66566296,3.876752024,14.29512956,20.60918074,2.603546855,12.04274088,15.85645563
2012,7,14.5696923,15.25866521,21.87985784,10.29861446,18.66727981,24.7406483,6.155556072,13.11448474,19.21505251
2012,8,11.73021432,14.1926181,22.2458438,8.186480507,15.76016277,21.65129303,4.498914381,12.8850374,18.75958043
2012,9,5.403660655,10.09289425,17.7069039,1.592549299,9.893883195,16.53207125,-0.373633838,7.398902014,13.72665861
2012,10,-7.381668503,-0.568886159,8.846534971,-9.068977924,-0.224878073,7.909824714,-7.109120269,-0.163036194,7.925493115
2012,11,-22.0099558,-8.883337174,2.981044232,-21.44985217,-11.51122108,0.894450506,-14.17636168,-7.248787492,-0.298665413
2012,12,-29.34083433,-14.78287055,-2.848373398,-27.34640278,-20.25344035,-5.514000308,-18.88344538,-14.41089446,-4.549588039
2013,1,-28.11363579,-11.01392535,-4.32746669,-34.11736185,-22.32609006,-7.70905019,-24.30803508,-21.15172274,-8.889190974
2013,2,-23.2735079,-5.137560452,-0.622589529,-32.00949486,-17.20224457,-6.287101032,-24.31065338,-18.08798393,-7.363380667
2013,3,-20.39324009,-5.363860114,3.501573047,-25.05419523,-12.20811064,-2.636586702,-16.84284508,-8.22981702,-1.761720273
2013,4,-12.26631663,0.345224222,6.636221057,-18.29612836,-4.805431355,3.743446535,-13.37331081,-5.566750021,3.05745133
2013,5,1.21391185,9.361817504,12.52798275,-8.387775831,7.398756236,13.69093545,-9.577989334,2.045421416,10.93347186
2013,6,11.95427171,12.81865358,17.14060726,5.718411268,14.36007361,18.89994579,0.287995863,7.926763987,14.97878157
2013,7,12.39082327,14.22250503,22.65303934,8.871049209,16.58876627,21.84000234,4.202254919,12.75615612,19.11981932
2013,8,11.84446528,14.6249609,22.01571618,7.794342967,15.83245011,21.73166293,3.764224668,11.39768874,17.20773605
2013,9,3.922156989,10.70924417,16.89298738,-0.453691122,11.09679919,17.88104409,-2.668502135,5.220359428,13.08230759
2013,10,-3.161319514,3.188406739,7.819941754,-7.914591278,0.764428225,8.307958345,-7.39556758,-0.013524556,7.452241752
2013,11,-18.11406603,-7.489178368,1.956705051,-22.75896131,-11.97912967,-0.517839879,-17.42160599,-9.24024731,-1.022057747
2013,12,-28.44146917,-13.82444028,-4.714293766,-31.66490677,-26.07348135,-10.62953643,-24.64678441,-22.84137502,-9.463710385
2014,1,-24.0049362,-8.235492363,-1.078160653,-32.58316145,-22.89798882,-10.49271515,-22.3999669,-21.00399643,-10.52194134
2014,2,-26.20439805,-13.88375648,-2.09111933,-31.3837089,-21.52814546,-11.00848718,-24.88791897,-20.7682122,-9.68575508
2014,3,-19.32237626,-6.433168704,3.396659375,-28.25533555,-15.51875214,-3.550149096,-24.298053,-18.90086234,-7.93685122
2014,4,-9.031700187,2.18825697,7.497315956,-18.92844803,-4.265294467,5.790611802,-17.21147982,-7.503815955,2.687517807
2014,5,2.580092289,8.053135954,12.77828196,-5.271647741,6.731739028,13.58015019,-5.564756201,2.80434839,10.10412711
2014,6,10.16574129,11.71087143,16.13899946,4.32079894,13.76992279,18.78849571,0.959767571,10.77616103,15.95400906
2014,7,13.76213923,15.58800957,22.88032575,10.57809746,16.74621247,20.61951116,6.293457352,13.02026118,18.52741305
2014,8,9.969105259,14.45283259,21.27765264,6.577114555,15.7995735,20.89708635,4.642961646,13.26650947,17.39931721
2014,9,2.005991067,9.077072996,17.21573658,-1.931604516,8.357245715,16.14476198,-2.791251266,4.653163144,13.2016346
2014,10,-6.412165925,3.594065915,11.34844587,-9.625827058,1.900512278,9.641001136,-8.161060215,0.864420681,8.100407929
2014,11,-19.25352539,-8.245534823,1.020460719,-22.86034575,-14.24305692,-3.151980866,-15.23646371,-11.15431133,-1.291185972
2014,12,-23.18490931,-9.904779199,-1.009642865,-27.66130051,-16.00264733,-4.652127807,-21.69555038,-16.76434358,-4.780156498
2015,1,-25.26032801,-8.782980029,-0.440690077,-33.35347961,-20.72277581,-7.744641693,-29.704878,-25.39498594,-11.50513449
2015,2,-23.79250863,-8.052493074,2.602379788,-34.24022525,-23.15964562,-10.21787713,-31.24742973,-26.7754341,-14.47828967
2015,3,-16.5592559,-0.441526997,6.337620416,-27.27771716,-9.502564276,1.097454695,-24.99678479,-17.48818917,-6.411319367
2015,4,-6.639653193,3.936319078,7.56792458,-18.02033328,-0.515872547,7.717349827,-16.92349391,-6.553467048,2.302897586
2015,5,5.029857692,9.601449351,12.73160942,-6.759414124,6.605054152,13.39002338,-7.640573908,1.480728858,11.66485063
2015,6,10.72089105,13.53831252,19.88358102,3.522428681,14.21198583,19.40080587,-0.771581263,8.748002446,14.53051829
2015,7,12.48656662,15.07208639,21.54058971,8.819040269,17.30096421,21.75957876,4.241482689,12.22335146,17.50299061
2015,8,10.16591263,13.56124888,21.75188649,7.837240379,15.30712408,21.03784393,2.887924511,12.35027761,18.51294126
2015,9,2.35826024,7.733850015,16.46216646,0.466027112,10.06892152,19.01872848,-2.02356303,6.593961783,15.54758354
2015,10,-6.384440735,3.848199448,11.86999294,-11.03292207,1.86381974,10.27675978,-9.69203479,-2.615369484,5.790982554
2015,11,-16.13523542,-5.263737228,0.436720382,-19.49114926,-6.632088127,2.621958264,-16.38592785,-8.487687071,1.583480794
2015,12,-23.22755165,-10.23127515,-2.796725434,-27.61247765,-12.83968256,-2.585469195,-24.14954309,-14.34407465,-1.355052557
2016,1,-21.18619246,-9.256309145,-2.230224596,-28.10715536,-17.49040102,-7.178358128,-22.61657873,-18.40233683,-7.392298505
2016,2,-21.98366827,-4.414780063,2.067191154,-32.81749699,-17.24157899,-3.161369425,-25.55707712,-20.23194175,-6.723258691
2016,3,-14.98618537,-0.054179134,4.541690312,-26.42646783,-8.05434349,3.071909022,-22.30810971,-15.77360385,-2.721450404
2016,4,-7.995517813,5.496521819,9.978139655,-19.73520556,-2.67253723,6.830618521,-13.65920731,-9.386591954,1.593386761
2016,5,4.291027402,9.370683181,12.56063283,-5.068770215,8.811830779,13.92056227,-5.38431452,2.885839461,10.58402957
2016,6,11.11963411,12.98304569,17.86920306,4.702522889,13.93834503,20.24781092,0.42229393,8.453452518,15.23554034
2016,7,14.03839096,14.85420357,20.69764063,10.41070157,17.08120919,22.31481656,5.253190717,12.54664289,18.42207887
2016,8,11.28453125,14.21794324,21.38025296,8.335795101,15.6009982,21.99514176,5.549308496,11.99667559,18.74005261
2016,9,2.995998942,8.584709637,15.67232296,0.633175844,10.17405489,17.78283135,-1.18873067,5.937596722,14.27869721
2016,10,-7.988191628,0.630448154,9.21754174,-9.737148073,0.469788967,10.63699931,-9.040463051,-1.417526087,7.479263741
2016,11,-15.71079161,-2.684895233,4.700682449,-15.72944616,-3.077645002,4.929533536,-13.2351263,-7.286265651,1.952307134
2016,12,-25.46578383,-13.72077964,-5.733808226,-27.19032651,-19.2411057,-7.773613917,-21.96973812,-19.12319158,-6.5994003
2017,1,-22.0978264,-9.919529632,-5.806036791,-28.865953,-16.20494781,-7.072602328,-22.44965337,-18.06933987,-6.206686649
2017,2,-21.866232,-8.270320656,-0.886345893,-29.80551759,-14.69394049,-2.40000641,-26.05460442,-19.39232262,-5.99873104
2017,3,-20.13967883,-5.307466706,4.328688613,-26.49281299,-10.37922487,0.737684567,-22.66523705,-14.46049082,-5.342783494
2017,4,-8.978178387,3.041127546,6.691208142,-18.31230598,-1.31249253,8.079134037,-15.62556371,-6.48206914,4.323703886
2017,5,4.143200077,9.231303239,12.59238313,-5.292687505,7.239356992,13.19174109,-5.724957474,2.790239088,9.565189627
2017,6,9.713016172,11.99671036,17.28702032,4.587590337,13.28986946,19.55615861,0.67708336,8.583435868,15.32117394
2017,7,13.56049509,14.42754024,22.90722631,9.484164955,17.5403474,22.85191283,4.167065816,12.25268295,17.78781992
2017,8,12.61983876,14.38465195,22.56702555,9.240419458,15.81492615,20.09027655,4.167100145,10.74216786,16.71634076
2017,9,4.836415623,9.77965417,16.5641967,0.666795488,10.2719882,17.36139283,-2.268282412,6.226846043,14.68103917
2017,10,-6.077636318,2.212075423,8.141855525,-10.75108261,1.558151224,9.898755916,-8.020800666,0.535510613,9.523263633
2017,11,-20.66235504,-8.836035779,2.307175605,-20.224532,-13.06037925,0.156321666,-13.93059045,-9.613176114,-0.899417063
2017,12,-20.88522486,-10.66908268,-2.957036925,-28.10101539,-19.9589327,-7.450725739,-19.5416274,-16.90422085,-8.619315778
2018,1,-24.02616968,-11.16432815,-0.478148581,-30.68333242,-21.17969139,-8.283354917,-27.27835316,-22.89475787,-9.545617369
2018,2,-23.12971233,-12.41966879,-2.755194525,-34.24891298,-20.87749813,-8.945256426,-30.23851623,-21.54078872,-5.97719528
2018,3,-17.21479225,-4.759890893,2.261530245,-25.03718631,-10.27513456,-1.037223851,-19.6885101,-9.063170744,-2.444579803
2018,4,-10.05125235,1.023653589,7.168070094,-18.35238394,-4.575006025,3.115777653,-15.35009992,-8.716945173,1.057118702
2018,5,1.600485076,10.48066545,14.14698203,-9.571713289,8.277654492,16.58303458,-9.845322993,-1.469492903,10.71580913
2018,6,9.31981217,12.20159788,16.60650955,3.012248901,14.704228,20.19878267,-1.087521576,5.895397014,14.30714167
2018,7,13.31443211,15.0641906,22.4938807,9.551258773,17.48472676,22.4370679,4.356872746,13.52417102,19.73042661
2018,8,8.560194682,13.87995683,21.46765321,5.760172591,14.89678242,21.60833516,2.783892873,11.22428707,19.19300309
2018,9,-0.934891052,5.653832927,15.87680371,-3.045666688,5.638766954,16.87851201,-2.732282089,4.843883533,13.97127598
2018,10,-6.621818128,1.812952099,8.756950529,-11.82367908,-2.157838743,7.068687554,-10.92571416,-4.503417325,5.048212047
2018,11,-17.50598901,-4.855772404,1.895426929,-23.81970295,-12.68870346,-2.16223125,-16.84976224,-10.86850913,-2.429434804
2018,12,-20.61591715,-9.085466952,-2.520929786,-25.98730782,-15.91230315,-4.510078097,-20.05338132,-16.52387296,-6.711264789
2019,1,-25.971943,-9.560570218,-1.554205558,-34.99468399,-22.91935487,-9.071160624,-27.34351273,-22.4146451,-10.14978186
2019,2,-23.9189612,-16.1749113,-5.549180445,-32.90240419,-22.85884529,-11.22614877,-24.61971443,-20.43136466,-9.061152297
2019,3,-10.10268479,-2.078823213,1.595117881,-23.04406378,-8.977672155,-2.781890833,-22.16032928,-14.50559577,-4.519640864
2019,4,-7.445652156,3.289154708,7.915639237,-18.41347926,-0.869076142,6.923287708,-14.3521172,-6.06805019,2.865604785
2019,5,2.588253019,9.138445344,12.03759918,-6.27371899,5.269814733,11.51512017,-3.226261091,1.876125633,8.585589224
2019,6,8.912682019,11.95339302,16.50848226,3.854581002,13.01403334,18.52945743,2.717979061,8.287070423,14.54643066
2019,7,12.7338795,14.27599874,20.77463862,8.683585549,16.89903638,22.51374799,5.77689527,12.62571053,19.03053297
2019,8,8.042652786,12.82294016,21.77267298,8.075172089,14.55388444,20.76141863,5.233993167,11.90559373,17.6381938
2019,9,4.047398217,9.04549161,15.73692788,0.715212671,9.190649039,17.66562274,-0.136925526,5.717393827,12.79789793
2019,10,-5.50796913,1.130464075,5.689389618,-7.482626141,0.285533785,6.727332125,-5.110331501,0.574637327,7.121574818
2019,11,-16.54122636,-5.035389523,2.146750284,-19.80792831,-10.77108826,-1.417522425,-11.7299117,-9.266896116,-2.145855623
2019,12,-26.75982161,-9.877845812,-1.713525462,-28.00174787,-18.21520892,-5.078287675,-18.85096634,-16.13184753,-6.018260541
2020,1,-28.92074425,-13.59954084,-1.690430463,-29.82064316,-17.77910935,-6.007128201,-26.22639547,-19.88157418,-6.918037494
2020,2,-25.4838195,-7.367831116,-0.685972838,-33.13727458,-16.62049143,-5.646795381,-27.79482935,-19.22299366,-6.681381458
2020,3,-19.67335531,-5.973855446,2.55910097,-27.87117274,-11.20265698,1.371008453,-22.43285495,-13.8994407,-2.215213646
2020,4,-8.973858071,1.151209775,7.301599003,-18.61215354,-4.168410757,5.30562413,-13.36331826,-6.101572391,2.132890953
2020,5,0.869884927,8.241598764,12.46257331,-8.981658332,5.555607613,12.95633749,-6.721988235,0.924406506,9.417529158
2020,6,9.651851567,11.37865619,16.09123871,3.817809113,12.96207536,20.27110525,0.230114792,8.761098426,16.20620526
2020,7,12.15553401,14.13243088,20.97711742,11.29962636,18.40872986,23.13858532,6.981655657,14.79060627,19.66162949
2020,8,10.63024086,13.12911005,22.23027242,8.524788251,16.05049189,22.17833624,5.23035657,12.74500317,17.9957261
2020,9,2.982589696,9.475953326,18.02000918,-0.433160173,8.169930493,16.01274759,-1.811709908,5.898252623,13.14011689
2020,10,-7.28977381,0.400487807,9.474135588,-8.428067389,-2.018460585,6.313793187,-7.315472714,-2.179409748,6.193232614
2020,11,-19.59217549,-6.754691815,1.853969605,-21.40220109,-10.57254345,2.671386716,-15.02255453,-8.925884855,1.629964595
2020,12,-23.15938655,-7.830631431,-1.656008976,-26.35164018,-15.67377202,-3.846186216,-17.53836318,-13.69040932,-3.774709649
